V1	V2	mean
Acholeplasma_laidlawii_PG-8A	Cellulophaga_phage_phi39_1	106.3
Acholeplasma_laidlawii_PG-8A	Citrobacter_phage_SH2	135.6
Acholeplasma_laidlawii_PG-8A	Clostridium_phage_phiCTC2A	508.1
Acholeplasma_laidlawii_PG-8A	Escherichia_phage_EC6	104.4
Acholeplasma_laidlawii_PG-8A	Escherichia_phage_vB_EcoM_VpaE1	111.7
Acholeplasma_laidlawii_PG-8A	Staphylococcus_phage_Team1	174.65
Acholeplasma_laidlawii_PG-8A	Yersinia_phage_phiYeO3_12	134.8
Achromobacter_xylosoxidans_strain_MN001	Cyanophage_S_TIM5	217.6
Achromobacter_xylosoxidans_strain_MN001	Escherichia_phage_HK75	151.8
Acinetobacter_baumannii_AB307-0294	Bacillus_phage_JBP901	543.3
Acinetobacter_baumannii_AB307-0294	Enterobacteria_phage_GEC_3S_complete_genome_25	500
Acinetobacter_baumannii_AB307-0294	Erwinia_phage_phiEa2809	497.3
Acinetobacter_baumannii_AB307-0294	Lactococcus_phage_phiL47	565.5
Acinetobacter_baumannii_AB307-0294	Staphylococcus_phage_Team1	555.8
Acinetobacter_soli_strain_GFJ2	Enterobacteriaphage_UAB_Phi87	243.8
Acinetobacter_soli_strain_GFJ2	Prochlorococcus_phage_P_TIM68	209.525
Acinetobacter_sp__TTH0-4	Cyanophage_S_TIM5	277.3
Acinetobacter_sp__TTH0-4	Nitrincola_phage_1M3_16	179.9
Acinetobacter_sp__TTH0-4	Staphylococcus_phage_Team1	223
Actinoplanes_sp__N902-109	Bacillus_phage_AR9	138.3
Actinoplanes_sp__N902-109	Bacillus_phage_JBP901	208.25
Actinoplanes_sp__N902-109	Bacillus_phage_phIS3501	322.8
Actinoplanes_sp__N902-109	Campylobacter_phage_PC14	253.725
Actinoplanes_sp__N902-109	Caulobacter_phage_Cr30	198.825
Actinoplanes_sp__N902-109	Citrobacter_phage_SH2	126.7
Actinoplanes_sp__N902-109	Enterobacteria_phage_GEC_3S_complete_genome_25	251.5
Actinoplanes_sp__N902-109	Erwinia_phage_phiEa2809	112.9
Actinoplanes_sp__N902-109	Escherichia_phage_vB_EcoM_JS09	107.9
Actinoplanes_sp__N902-109	Escherichia_phage_vB_EcoS_FFH1	279.6
Actinoplanes_sp__N902-109	Lactobacillus_phage_phiLdb	284.6
Actinoplanes_sp__N902-109	Lactobacillus_phage_PLE2	154.8
Actinoplanes_sp__N902-109	Lactococcus_phage_phiL47	249.6
Actinoplanes_sp__N902-109	Pectobacterium_phage_phiTE	355.1
Actinoplanes_sp__N902-109	Planktothrix_phage_PaV_LD	153.3
Actinoplanes_sp__N902-109	Pseudomonas_phage_MP1412	121.5
Actinoplanes_sp__N902-109	Pseudomonas_phage_PaP1	250.3
Actinoplanes_sp__N902-109	Salmonella_phage_64795_sal3	249.95
Actinoplanes_sp__N902-109	Salmonella_phage_SFP10	249.2
Actinoplanes_sp__N902-109	Salmonella_phage_ST160	361.7
Actinoplanes_sp__N902-109	Staphylococcus_phage_Team1	258.25
Actinoplanes_sp__N902-109	Synechococcus_phage_S_CRM01	251.1
Actinoplanes_sp__N902-109	Thermus_phage_TMA	146.4
Actinoplanes_sp__N902-109	Vibrio_phage_phi_3	281.55
Aeromonas_salmonicida_subsp__salmonicida_A449	Bacillus_phage_AR9	130.9
Aeromonas_salmonicida_subsp__salmonicida_A449	Bacillus_phage_JBP901	151.3
Aeromonas_salmonicida_subsp__salmonicida_A449	Burkholderia_phage_KS5	171.4
Aeromonas_salmonicida_subsp__salmonicida_A449	Erwinia_phage_phiEa2809	150.2
Aeromonas_salmonicida_subsp__salmonicida_A449	Flavobacterium_phage_Fpv11	197.6
Aeromonas_salmonicida_subsp__salmonicida_A449	Lactococcus_phage_phiL47	164.8
Aeromonas_salmonicida_subsp__salmonicida_A449	Pseudomonas_phage_PAE1	165.2
Aeromonas_salmonicida_subsp__salmonicida_A449	Salmonella_phage_SJ46	263.9
Aeromonas_salmonicida_subsp__salmonicida_A449	Synechococcus_phage_S_CRM01	139.4
Aeromonas_salmonicida_subsp__salmonicida_A449	Vibrio_phage_ValKK3	263.8
Aeromonas_salmonicida_subsp__salmonicida_A449	Yersinia_phage_phiYeO3_12	120.7
Alteromonas_macleodii_strain_D7	Bacillus_phage_AR9	142.5
Alteromonas_macleodii_strain_D7	Bacillus_phage_JBP901	157.7
Alteromonas_macleodii_strain_D7	Bacteriophage_APSE_2	132.1
Alteromonas_macleodii_strain_D7	Cellulophaga_phage_phi38_1	115.5
Alteromonas_macleodii_strain_D7	Cyanophage_P_TIM40	113.6
Alteromonas_macleodii_strain_D7	Cyanophage_PSS2	130.2
Alteromonas_macleodii_strain_D7	Cyanophage_S_TIM5	245.7
Alteromonas_macleodii_strain_D7	Escherichia_phage_ECML_117	122.1
Alteromonas_macleodii_strain_D7	Flavobacterium_phage_Fpv1	110.9
Alteromonas_macleodii_strain_D7	Flavobacterium_phage_Fpv11	208.4
Alteromonas_macleodii_strain_D7	Lactobacillus_phage_phiLdb	150.9
Alteromonas_macleodii_strain_D7	Lactobacillus_phage_PLE2	158.3
Alteromonas_macleodii_strain_D7	Lactococcus_phage_phiL47	179.9
Alteromonas_macleodii_strain_D7	Pelagibacter_phage_HTVC019P	141.7
Alteromonas_macleodii_strain_D7	Staphylococcus_phage_Team1	170.2
Alteromonas_macleodii_strain_D7	Synechococcus_phage_S_CRM01	121.7
Alteromonas_macleodii_strain_D7	Vibrio_phage_ValKK3	222.6
Arthrobacter_sp__Rue61a	Burkholderia_phage_KS5	243.8
Arthrobacter_sp__Rue61a	Cellulophaga_phage_phi17_2	576.2
Arthrobacter_sp__Rue61a	Salmonella_phage_SJ46	336.3
Arthrobacter_sp__Rue61a	Staphylococcus_phage_Team1	215.3
Arthrobacter_sp__Rue61a	Synechococcus_phage_S_CRM01	147.9
Arthrobacter_sp__Rue61a	Yersinia_phage_phiYeO3_12	148.45
Azospirillum_brasilense_strain_Az39	Bacillus_phage_AR9	185.9
Azospirillum_brasilense_strain_Az39	Bacillus_phage_JBP901	307.34
Azospirillum_brasilense_strain_Az39	Bacillus_phage_phIS3501	501.9
Azospirillum_brasilense_strain_Az39	Bacillus_phage_Slash	133.2
Azospirillum_brasilense_strain_Az39	Campylobacter_phage_PC14	312.9125
Azospirillum_brasilense_strain_Az39	Caulobacter_phage_Cr30	364.7
Azospirillum_brasilense_strain_Az39	Citrobacter_phage_SH2	195.8
Azospirillum_brasilense_strain_Az39	Clostridium_phage_phiCT453A	128.7
Azospirillum_brasilense_strain_Az39	Enterobacteria_phage_GEC_3S_complete_genome_1	233.7
Azospirillum_brasilense_strain_Az39	Enterobacteria_phage_GEC_3S_complete_genome_136	130.2
Azospirillum_brasilense_strain_Az39	Enterobacteria_phage_GEC_3S_complete_genome_25	304.85
Azospirillum_brasilense_strain_Az39	Enterobacteria_phage_GEC_3S_complete_genome_94	195.2
Azospirillum_brasilense_strain_Az39	Enterobacteria_phage_GEC_3S_complete_genome_97	125.5
Azospirillum_brasilense_strain_Az39	Enterococcus_phage_EF62phi	114.4
Azospirillum_brasilense_strain_Az39	Erwinia_phage_phiEa2809	126.3
Azospirillum_brasilense_strain_Az39	Escherichia_phage_ECML_117	339.7
Azospirillum_brasilense_strain_Az39	Escherichia_phage_KBNP1711	274.3
Azospirillum_brasilense_strain_Az39	Escherichia_phage_phi191	182.5
Azospirillum_brasilense_strain_Az39	Escherichia_phage_vB_EcoM_JS09	376.6
Azospirillum_brasilense_strain_Az39	Escherichia_phage_vB_EcoS_FFH1	371.45
Azospirillum_brasilense_strain_Az39	Flavobacterium_phage_Fpv11	97.8
Azospirillum_brasilense_strain_Az39	Lactobacillus_phage_Ldl1	191.8
Azospirillum_brasilense_strain_Az39	Lactobacillus_phage_phiLdb	376.45
Azospirillum_brasilense_strain_Az39	Lactococcus_phage_phiL47	321.925
Azospirillum_brasilense_strain_Az39	Mycobacterium_phage_First	150.2
Azospirillum_brasilense_strain_Az39	Nitrincola_phage_1M3_16	120.6
Azospirillum_brasilense_strain_Az39	Pectobacterium_phage_phiTE	315.02
Azospirillum_brasilense_strain_Az39	Pseudomonas_phage_MP1412	144.4
Azospirillum_brasilense_strain_Az39	Pseudomonas_phage_PAE1	239.6
Azospirillum_brasilense_strain_Az39	Pseudomonas_phage_PaP1	342.15
Azospirillum_brasilense_strain_Az39	Pseudomonas_phage_YMC11_06_C171_PPU_BP	146.3
Azospirillum_brasilense_strain_Az39	Salmonella_phage_64795_sal3	429.05
Azospirillum_brasilense_strain_Az39	Salmonella_phage_SFP10	341.05
Azospirillum_brasilense_strain_Az39	Salmonella_phage_ST160	453.55
Azospirillum_brasilense_strain_Az39	Staphylococcus_phage_SPbeta_like	109.8
Azospirillum_brasilense_strain_Az39	Staphylococcus_phage_Team1	223.616666666667
Azospirillum_brasilense_strain_Az39	Synechococcus_phage_S_CRM01	360.633333333333
Azospirillum_brasilense_strain_Az39	Synechococcus_phage_syn9	238.8
Azospirillum_brasilense_strain_Az39	Vibrio_phage_phi_3	338.24
Azospirillum_brasilense_strain_Az39	Vibrio_phage_ValKK3	280.4
Azospirillum_brasilense_strain_Az39	Xanthomonas_phage_Xp15	177.2
Bacillus_anthracis_str__SVA11	Bacillus_phage_AR9	287.833333333333
Bacillus_anthracis_str__SVA11	Bacillus_phage_CP_51	470.3
Bacillus_anthracis_str__SVA11	Bacillus_phage_JBP901	374.566666666667
Bacillus_anthracis_str__SVA11	Bacillus_phage_phIS3501	421.2
Bacillus_anthracis_str__SVA11	Bacillus_phage_Pony	327.15
Bacillus_anthracis_str__SVA11	Campylobacter_phage_PC14	322.622222222222
Bacillus_anthracis_str__SVA11	Caulobacter_phage_Cr30	389.52
Bacillus_anthracis_str__SVA11	Cellulophaga_phage_phi17_2	436.8
Bacillus_anthracis_str__SVA11	Citrobacter_phage_SH2	143.3
Bacillus_anthracis_str__SVA11	Cyanophage_S_TIM5	174.9
Bacillus_anthracis_str__SVA11	Enterobacteria_phage_GEC_3S_complete_genome_25	326.25
Bacillus_anthracis_str__SVA11	Erwinia_amylovora_phage_Era103	231.1
Bacillus_anthracis_str__SVA11	Escherichia_phage_ECML_117	240.4
Bacillus_anthracis_str__SVA11	Escherichia_phage_HY03	198
Bacillus_anthracis_str__SVA11	Escherichia_phage_vB_EcoM_JS09	163.9
Bacillus_anthracis_str__SVA11	Escherichia_phage_vB_EcoS_FFH1	378
Bacillus_anthracis_str__SVA11	Flavobacterium_phage_Fpv11	215.6
Bacillus_anthracis_str__SVA11	Klebsiella_phage_vB_KpnP_SU552A	229.9
Bacillus_anthracis_str__SVA11	Lactobacillus_phage_phiLdb	383
Bacillus_anthracis_str__SVA11	Lactococcus_phage_phiL47	253.05
Bacillus_anthracis_str__SVA11	Pectobacterium_phage_phiTE	453.5
Bacillus_anthracis_str__SVA11	Prochlorococcus_phage_P_TIM68	240.425
Bacillus_anthracis_str__SVA11	Pseudomonas_phage_O4	312.4
Bacillus_anthracis_str__SVA11	Pseudomonas_phage_PaP1	348.7
Bacillus_anthracis_str__SVA11	Salmonella_phage_118970_sal2	211.8
Bacillus_anthracis_str__SVA11	Salmonella_phage_64795_sal3	348.35
Bacillus_anthracis_str__SVA11	Salmonella_phage_SFP10	347.6
Bacillus_anthracis_str__SVA11	Salmonella_phage_ST160	460.1
Bacillus_anthracis_str__SVA11	Staphylococcus_phage_SPbeta_like	156
Bacillus_anthracis_str__SVA11	Staphylococcus_phage_StB20_like	96.2
Bacillus_anthracis_str__SVA11	Staphylococcus_phage_Team1	203.15
Bacillus_anthracis_str__SVA11	Synechococcus_phage_S_CRM01	302.05
Bacillus_anthracis_str__SVA11	Vibrio_phage_phi_3	336.46
Bacillus_anthracis_str__SVA11	Vibrio_phage_VP93	231.1
Bacillus_megaterium_strain_JX285	Bacillus_phage_AR9	177.2
Bacillus_megaterium_strain_JX285	Caulobacter_phage_Cr30	146.4
Bacillus_megaterium_strain_JX285	Staphylococcus_phage_Team1	204.9
Bacillus_megaterium_strain_JX285	Synechococcus_phage_S_CRM01	161.4
Bacillus_sp__FDAARGOS_235	Bacillus_phage_AR9	142.5
Bacillus_sp__FDAARGOS_235	Bacillus_phage_JBP901	146.7
Bacillus_sp__FDAARGOS_235	Cellulophaga_phage_phi13_2	119.3
Bacillus_sp__FDAARGOS_235	Enterobacteria_phage_phi92	130.6
Bacillus_sp__FDAARGOS_235	Gordonia_phage_GRU1	289.6
Bacillus_sp__FDAARGOS_235	Staphylococcus_phage_Team1	162.5
Bacillus_subtilis_subsp__spizizenii_str__W23	Bacillus_phage_BCP8_2	262.3
Bacillus_subtilis_subsp__spizizenii_str__W23	Caulobacter_phage_Cr30	257.3
Bacillus_subtilis_subsp__spizizenii_str__W23	Geobacillus_phage_GBK2	259.2
Bacillus_subtilis_subsp__spizizenii_str__W23	Lactococcus_phage_28201	267.7
Bacillus_subtilis_subsp__spizizenii_str__W23	Lactococcus_phage_phiL47	331.2
Bacillus_subtilis_subsp__spizizenii_str__W23	Salmonella_phage_ST160	133.6
Bacillus_subtilis_subsp__spizizenii_str__W23	Staphylococcus_phage_Team1	199.1
Bacillus_subtilis_subsp__spizizenii_str__W23	Vibrio_phage_VP93	331.2
Bacillus_thuringiensis_strain_L-7601	Yersinia_phage_phiYeO3_12	141.7
Bacteroides_fragilis_strain_BOB25	Acinetobacter_phage_vB_AbaM_phiAbaA1	203.466666666667
Bacteroides_fragilis_strain_BOB25	Bacillus_phage_AR9	234.207692307692
Bacteroides_fragilis_strain_BOB25	Bacillus_phage_JBP901	280.932142857143
Bacteroides_fragilis_strain_BOB25	Bacillus_phage_phIS3501	340.233333333333
Bacteroides_fragilis_strain_BOB25	Bacillus_phage_Pony	294.4
Bacteroides_fragilis_strain_BOB25	Burkholderia_phage_KS5	123.2
Bacteroides_fragilis_strain_BOB25	Campylobacter_phage_PC14	295.855555555556
Bacteroides_fragilis_strain_BOB25	Caulobacter_phage_Cr30	238.04
Bacteroides_fragilis_strain_BOB25	Cellulophaga_phage_phi12_1	132.1
Bacteroides_fragilis_strain_BOB25	Citrobacter_phage_SH2	229.044444444444
Bacteroides_fragilis_strain_BOB25	Clostridium_phage_phiCTC2A	817.1
Bacteroides_fragilis_strain_BOB25	Croceibacter_phage_P2559Y	197.85
Bacteroides_fragilis_strain_BOB25	Cronobacter_phage_phiES15	129.8
Bacteroides_fragilis_strain_BOB25	Cyanophage_PSS2	124.75
Bacteroides_fragilis_strain_BOB25	Cyanophage_S_TIM5	487.085714285714
Bacteroides_fragilis_strain_BOB25	Enterobacteria_phage_GEC_3S_complete_genome_1	239
Bacteroides_fragilis_strain_BOB25	Enterobacteria_phage_GEC_3S_complete_genome_127	293.9
Bacteroides_fragilis_strain_BOB25	Enterobacteria_phage_GEC_3S_complete_genome_25	434.1
Bacteroides_fragilis_strain_BOB25	Enterobacteria_phage_GEC_3S_complete_genome_94	780
Bacteroides_fragilis_strain_BOB25	Enterobacteria_phage_phi92	127.5
Bacteroides_fragilis_strain_BOB25	Erwinia_amylovora_phage_Era103	137.5
Bacteroides_fragilis_strain_BOB25	Erwinia_phage_phiEa2809	215.7
Bacteroides_fragilis_strain_BOB25	Escherichia_phage_Av_05	420.6
Bacteroides_fragilis_strain_BOB25	Escherichia_phage_EC6	130.4
Bacteroides_fragilis_strain_BOB25	Escherichia_phage_ECML_117	111.3
Bacteroides_fragilis_strain_BOB25	Escherichia_phage_KBNP1711	122.5
Bacteroides_fragilis_strain_BOB25	Escherichia_phage_MX01	267.45
Bacteroides_fragilis_strain_BOB25	Escherichia_phage_vB_EcoM_JS09	302.375
Bacteroides_fragilis_strain_BOB25	Escherichia_phage_vB_EcoM_VpaE1	205.7
Bacteroides_fragilis_strain_BOB25	Escherichia_phage_vB_EcoS_FFH1	359.7
Bacteroides_fragilis_strain_BOB25	Flavobacterium_phage_6H	133.6
Bacteroides_fragilis_strain_BOB25	Geobacillus_phage_GBK2	183.58
Bacteroides_fragilis_strain_BOB25	Gordonia_phage_GRU1	140.05
Bacteroides_fragilis_strain_BOB25	Klebsiella_phage_JD001	139.8
Bacteroides_fragilis_strain_BOB25	Lactobacillus_phage_Ldl1	240.58
Bacteroides_fragilis_strain_BOB25	Lactobacillus_phage_phiLdb	335.933333333333
Bacteroides_fragilis_strain_BOB25	Lactobacillus_phage_phiPYB5	264.6
Bacteroides_fragilis_strain_BOB25	Lactococcus_phage_28201	319.26
Bacteroides_fragilis_strain_BOB25	Lactococcus_phage_949	113.6
Bacteroides_fragilis_strain_BOB25	Lactococcus_phage_phiL47	234.25
Bacteroides_fragilis_strain_BOB25	Mycobacterium_phage_First	124.8
Bacteroides_fragilis_strain_BOB25	Nitrincola_phage_1M3_16	336.25
Bacteroides_fragilis_strain_BOB25	Pectobacterium_phage_phiTE	298.48
Bacteroides_fragilis_strain_BOB25	Planktothrix_phage_PaV_LD	220.85
Bacteroides_fragilis_strain_BOB25	Prochlorococcus_phage_P_TIM68	313.666666666667
Bacteroides_fragilis_strain_BOB25	Pseudomonas_phage_MP1412	362.7
Bacteroides_fragilis_strain_BOB25	Pseudomonas_phage_PaBG	252.3
Bacteroides_fragilis_strain_BOB25	Pseudomonas_phage_PAE1	126.5
Bacteroides_fragilis_strain_BOB25	Pseudomonas_phage_PaP1	330.4
Bacteroides_fragilis_strain_BOB25	Pseudomonas_phage_phi3	324.983333333333
Bacteroides_fragilis_strain_BOB25	Pseudomonas_phage_YMC11_06_C171_PPU_BP	120.5
Bacteroides_fragilis_strain_BOB25	Rhizobium_phage_vB_RleM_PPF1	264.2
Bacteroides_fragilis_strain_BOB25	Roseobacter_phage_RDJL_Phi_1	152.1
Bacteroides_fragilis_strain_BOB25	Salmonella_phage_118970_sal2	305.266666666667
Bacteroides_fragilis_strain_BOB25	Salmonella_phage_64795_sal3	330.05
Bacteroides_fragilis_strain_BOB25	Salmonella_phage_SFP10	199.85
Bacteroides_fragilis_strain_BOB25	Salmonella_phage_SJ46	170.05
Bacteroides_fragilis_strain_BOB25	Salmonella_phage_ST160	441.8
Bacteroides_fragilis_strain_BOB25	Staphylococcus_phage_B236	181
Bacteroides_fragilis_strain_BOB25	Staphylococcus_phage_MCE_2014	444.9
Bacteroides_fragilis_strain_BOB25	Staphylococcus_phage_SPbeta_like	322.8
Bacteroides_fragilis_strain_BOB25	Staphylococcus_phage_Team1	306.335714285714
Bacteroides_fragilis_strain_BOB25	Streptococcus_phage_phiARI0031	265.7
Bacteroides_fragilis_strain_BOB25	Streptococcus_phage_phiARI0923	198.75
Bacteroides_fragilis_strain_BOB25	Synechococcus_phage_S_CRM01	206.0125
Bacteroides_fragilis_strain_BOB25	Synechococcus_phage_syn9	222.7
Bacteroides_fragilis_strain_BOB25	Tsukamurella_phage_TIN2	176.8
Bacteroides_fragilis_strain_BOB25	Vibrio_phage_phi_3	254.1
Bacteroides_fragilis_strain_BOB25	Vibrio_phage_ValKK3	233
Bacteroides_fragilis_strain_BOB25	Vibrio_phage_VP93	616.133333333333
Bacteroides_fragilis_strain_BOB25	Yersinia_phage_phiYeO3_12	313.733333333333
Bdellovibrio_bacteriovorus_str__Tiberius	Bacillus_phage_AR9	114.75
Bdellovibrio_bacteriovorus_str__Tiberius	Bacillus_phage_CP_51	176
Bdellovibrio_bacteriovorus_str__Tiberius	Cronobacter_phage_phiES15	106.3
Bdellovibrio_bacteriovorus_str__Tiberius	Enterobacteria_phage_GEC_3S_complete_genome_25	298.5
Bdellovibrio_bacteriovorus_str__Tiberius	Enterobacteria_phage_Sf101	112.8
Bdellovibrio_bacteriovorus_str__Tiberius	Escherichia_phage_SUSP2	124.7
Bdellovibrio_bacteriovorus_str__Tiberius	Escherichia_phage_vB_EcoM_VpaE1	246.5
Bdellovibrio_bacteriovorus_str__Tiberius	Gordonia_phage_GRU1	125.1
Bdellovibrio_bacteriovorus_str__Tiberius	Lactococcus_phage_phiL47	364.8
Bdellovibrio_bacteriovorus_str__Tiberius	Staphylococcus_phage_CNPx	110.9
Bdellovibrio_bacteriovorus_str__Tiberius	Staphylococcus_phage_Team1	289.8
Bdellovibrio_bacteriovorus_str__Tiberius	Synechococcus_phage_S_CRM01	671.4
Bdellovibrio_bacteriovorus_str__Tiberius	Vibrio_phage_ValKK3	630.9
Brochothrix_thermosphacta_strain_BI	Bacillus_phage_AR9	113.2
Brochothrix_thermosphacta_strain_BI	Bacillus_phage_Slash	118.6
Brochothrix_thermosphacta_strain_BI	Cyanophage_P_TIM40	102
Brochothrix_thermosphacta_strain_BI	Staphylococcus_phage_Team1	206.8
Brochothrix_thermosphacta_strain_BI	Synechococcus_phage_S_CRM01	115.2
Campylobacter_jejuni_strain_NCTC12662	Lactococcus_phage_phiL47	167.9
Candidatus_Hamiltonella_defensa_(Bemisia_tabaci)_strain_MEAM1	Bacillus_phage_AR9	234.6
Candidatus_Hamiltonella_defensa_(Bemisia_tabaci)_strain_MEAM1	Bacillus_phage_JBP901	203.9
Candidatus_Hamiltonella_defensa_(Bemisia_tabaci)_strain_MEAM1	Bacteriophage_APSE_2	315.1
Candidatus_Hamiltonella_defensa_(Bemisia_tabaci)_strain_MEAM1	Cellulophaga_phage_phi13_2	116.3
Candidatus_Hamiltonella_defensa_(Bemisia_tabaci)_strain_MEAM1	Erwinia_phage_phiEa2809	112.9
Candidatus_Hamiltonella_defensa_(Bemisia_tabaci)_strain_MEAM1	Escherichia_phage_pro147	115.2
Candidatus_Hamiltonella_defensa_(Bemisia_tabaci)_strain_MEAM1	Flavobacterium_phage_Fpv1	116
Candidatus_Hamiltonella_defensa_(Bemisia_tabaci)_strain_MEAM1	Lactococcus_phage_phiL47	173.7
Candidatus_Hamiltonella_defensa_(Bemisia_tabaci)_strain_MEAM1	Mannheimia_phage_vB_MhS_535AP2	251.5
Candidatus_Hamiltonella_defensa_(Bemisia_tabaci)_strain_MEAM1	Salmonella_phage_SEN22	241.95
Candidatus_Hamiltonella_defensa_(Bemisia_tabaci)_strain_MEAM1	Salmonella_phage_SJ46	141.3
Candidatus_Hamiltonella_defensa_(Bemisia_tabaci)_strain_MEAM1	Staphylococcus_phage_Team1	262.3
Candidatus_Hamiltonella_defensa_(Bemisia_tabaci)_strain_MEAM1	Thermus_phage_TMA	151.8
Candidatus_Pelagibacter_ubique_HTCC1062	Bacillus_phage_AR9	185.6
Candidatus_Pelagibacter_ubique_HTCC1062	Bacillus_phage_JBP901	159.5
Candidatus_Pelagibacter_ubique_HTCC1062	Enterobacteria_phage_GEC_3S_complete_genome_1	221
Candidatus_Pelagibacter_ubique_HTCC1062	Gordonia_phage_GRU1	171.7
Candidatus_Pelagibacter_ubique_HTCC1062	Pseudomonas_phage_MP1412	146.4
Candidatus_Puniceispirillum_marinum_IMCC1322	Bacillus_phage_AR9	237.65
Candidatus_Puniceispirillum_marinum_IMCC1322	Bacillus_phage_JBP901	211.4
Candidatus_Puniceispirillum_marinum_IMCC1322	Cyanophage_S_TIM5	385.2
Candidatus_Puniceispirillum_marinum_IMCC1322	Enterobacteria_phage_GEC_3S_complete_genome_1	317.7
Candidatus_Puniceispirillum_marinum_IMCC1322	Erwinia_phage_phiEa2809	210.3
Candidatus_Puniceispirillum_marinum_IMCC1322	Escherichia_phage_vB_EcoM_JS09	210.7
Candidatus_Puniceispirillum_marinum_IMCC1322	Flavobacterium_phage_Fpv1	209.5
Candidatus_Puniceispirillum_marinum_IMCC1322	Lactococcus_phage_phiL47	244.75
Candidatus_Puniceispirillum_marinum_IMCC1322	Planktothrix_phage_PaV_LD	256.1
Candidatus_Puniceispirillum_marinum_IMCC1322	Prochlorococcus_phage_P_TIM68	375.5
Candidatus_Puniceispirillum_marinum_IMCC1322	Pseudomonas_phage_JBD44	228.8
Candidatus_Puniceispirillum_marinum_IMCC1322	Pseudomonas_phage_PAE1	225.3
Candidatus_Puniceispirillum_marinum_IMCC1322	Staphylococcus_phage_Team1	268.8
Caulobacter_sp__K31	Bacillus_phage_Spock	246.1
Caulobacter_sp__K31	Cronobacter_phage_phiES15	405.6
Caulobacter_sp__K31	Lactobacillus_phage_Ldl1	339.3
Caulobacter_sp__K31	Yersinia_phage_phiYeO3_12	399
Cellulophaga_baltica_NN016038	Caulobacter_phage_Cr30	164.1
Cellulophaga_baltica_NN016038	Citrobacter_phage_SH2	166
Cellulophaga_baltica_NN016038	Geobacillus_phage_GBK2	166
Cellulophaga_baltica_NN016038	Yersinia_phage_phiYeO3_12	165.2
Chlamydia_psittaci_GR9	Bacillus_phage_AR9	195.7
Chlamydia_psittaci_GR9	Gordonia_phage_GRU1	478
Chlamydia_psittaci_GR9	Lactococcus_phage_phiL47	529.3
Chlamydia_psittaci_GR9	Staphylococcus_phage_Team1	519.6
Citrobacter_sp__FDAARGOS_156	Bacillus_phage_AR9	320.25
Citrobacter_sp__FDAARGOS_156	Bacillus_phage_JBP901	477.871428571429
Citrobacter_sp__FDAARGOS_156	Bacillus_phage_phIS3501	577.4
Citrobacter_sp__FDAARGOS_156	Bacillus_phage_Shbh1	404
Citrobacter_sp__FDAARGOS_156	Burkholderia_phage_KS5	299.3
Citrobacter_sp__FDAARGOS_156	Campylobacter_phage_PC14	505.333333333333
Citrobacter_sp__FDAARGOS_156	Caulobacter_phage_Cr30	527.45
Citrobacter_sp__FDAARGOS_156	Celeribacter_phage_P12053L	226.1
Citrobacter_sp__FDAARGOS_156	Citrobacter_phage_SH2	104.4
Citrobacter_sp__FDAARGOS_156	Cyanophage_S_TIM5	140.6
Citrobacter_sp__FDAARGOS_156	Enterobacteria_phage_GEC_3S_complete_genome_25	506.1
Citrobacter_sp__FDAARGOS_156	Enterobacteria_phage_GEC_3S_complete_genome_94	248.4
Citrobacter_sp__FDAARGOS_156	Erwinia_amylovora_phage_Era103	259.6
Citrobacter_sp__FDAARGOS_156	Escherichia_phage_ECML_117	419.1
Citrobacter_sp__FDAARGOS_156	Escherichia_phage_KBNP1711	309.3
Citrobacter_sp__FDAARGOS_156	Escherichia_phage_vB_EcoM_JS09	180.3
Citrobacter_sp__FDAARGOS_156	Escherichia_phage_vB_EcoS_FFH1	534.2
Citrobacter_sp__FDAARGOS_156	Lactobacillus_phage_Ldl1	147.9
Citrobacter_sp__FDAARGOS_156	Lactobacillus_phage_phiLdb	539.2
Citrobacter_sp__FDAARGOS_156	Lactobacillus_phage_phiPYB5	199.9
Citrobacter_sp__FDAARGOS_156	Lactococcus_phage_phiL47	388.6
Citrobacter_sp__FDAARGOS_156	Mannheimia_phage_vB_MhS_535AP2	198.3
Citrobacter_sp__FDAARGOS_156	Mycobacterium_phage_Adler	251.5
Citrobacter_sp__FDAARGOS_156	Pectobacterium_phage_phiTE	436.95
Citrobacter_sp__FDAARGOS_156	Prochlorococcus_phage_P_TIM68	669.4
Citrobacter_sp__FDAARGOS_156	Pseudomonas_phage_MP1412	175.6
Citrobacter_sp__FDAARGOS_156	Pseudomonas_phage_PaBG	412.6
Citrobacter_sp__FDAARGOS_156	Pseudomonas_phage_PaP1	504.9
Citrobacter_sp__FDAARGOS_156	Puniceispirillum_phage_HMO_2011	167.2
Citrobacter_sp__FDAARGOS_156	Rhizobium_phage_vB_RleM_PPF1	181
Citrobacter_sp__FDAARGOS_156	Salmonella_phage_118970_sal2	194.1
Citrobacter_sp__FDAARGOS_156	Salmonella_phage_64795_sal3	504.55
Citrobacter_sp__FDAARGOS_156	Salmonella_phage_SFP10	503.8
Citrobacter_sp__FDAARGOS_156	Salmonella_phage_SJ46	216.1
Citrobacter_sp__FDAARGOS_156	Salmonella_phage_ST160	616.3
Citrobacter_sp__FDAARGOS_156	Staphylococcus_phage_Team1	394.95
Citrobacter_sp__FDAARGOS_156	Synechococcus_phage_S_CBS2	293.9
Citrobacter_sp__FDAARGOS_156	Synechococcus_phage_S_CBS3	367
Citrobacter_sp__FDAARGOS_156	Synechococcus_phage_S_CRM01	310.85
Citrobacter_sp__FDAARGOS_156	Vibrio_phage_phi_3	536.15
Citrobacter_sp__FDAARGOS_156	Yersinia_phage_phiYeO3_12	204.9
Clavibacter_michiganensis_subsp__insidiosus_strain_R1-1	Bacillus_phage_JBP901	166.55
Clavibacter_michiganensis_subsp__insidiosus_strain_R1-1	Bacteriophage_APSE_2	147.9
Clavibacter_michiganensis_subsp__insidiosus_strain_R1-1	Enterobacteria_phage_GEC_3S_complete_genome_1	234.9
Clavibacter_michiganensis_subsp__insidiosus_strain_R1-1	Enterobacteria_phage_phi92	154.1
Clavibacter_michiganensis_subsp__insidiosus_strain_R1-1	Gordonia_phage_GRU1	144.4
Clavibacter_michiganensis_subsp__insidiosus_strain_R1-1	Lactobacillus_phage_Ldl1	220.3
Clavibacter_michiganensis_subsp__insidiosus_strain_R1-1	Lactococcus_phage_phiL47	175.05
Clavibacter_michiganensis_subsp__insidiosus_strain_R1-1	Nitrincola_phage_1M3_16	142.9
Clavibacter_michiganensis_subsp__insidiosus_strain_R1-1	Planktothrix_phage_PaV_LD	173.3
Clavibacter_michiganensis_subsp__insidiosus_strain_R1-1	Pseudomonas_phage_PAE1	142.5
Clostridium_botulinum_E3_str__Alaska_E43	Bacillus_phage_AR9	137.1
Clostridium_botulinum_E3_str__Alaska_E43	Bacillus_phage_JBP901	107.4
Clostridium_botulinum_E3_str__Alaska_E43	Citrobacter_phage_SH2	108.2
Clostridium_botulinum_E3_str__Alaska_E43	Clostridium_phage_c_st	209.9
Clostridium_botulinum_E3_str__Alaska_E43	Cyanophage_PSS2	124.8
Clostridium_botulinum_E3_str__Alaska_E43	Erwinia_phage_phiEa2809	106.3
Clostridium_botulinum_E3_str__Alaska_E43	Gordonia_phage_GRU1	123.2
Clostridium_botulinum_E3_str__Alaska_E43	Lactobacillus_phage_PLE2	152.9
Clostridium_botulinum_E3_str__Alaska_E43	Pseudomonas_phage_YMC11_06_C171_PPU_BP	126.3
Clostridium_botulinum_E3_str__Alaska_E43	Staphylococcus_phage_Team1	164.8
Clostridium_difficile_M68	Cyanophage_PSS2	109.3
Clostridium_difficile_M68	Cyanophage_S_TIM5	122.9
Clostridium_tetani_E88	Staphylococcus_phage_CNPx	150.6
Clostridium_tetani_E88	Xanthomonas_phage_Xp15	120.9
Croceibacter_atlanticus_HTCC2559	Enterobacteria_phage_GEC_3S_complete_genome_1	428.3
Cronobacter_sakazakii_ATCC_BAA-894	Acinetobacter_phage_Presley	399.8
Cronobacter_sakazakii_ATCC_BAA-894	Burkholderia_phage_KS9	203.4
Cronobacter_sakazakii_ATCC_BAA-894	Erwinia_amylovora_phage_Era103	343.6
Cronobacter_sakazakii_ATCC_BAA-894	Escherichia_phage_vB_EcoM_JS09	615.2
Cronobacter_sakazakii_ATCC_BAA-894	Lactobacillus_phage_PLE2	570.1
Cronobacter_sakazakii_ATCC_BAA-894	Salmonella_phage_SEN22	251.9
Delftia_acidovorans_SPH-1	Bacillus_phage_Slash	147.5
Delftia_acidovorans_SPH-1	Enterobacter_phage_Arya	196.4
Delftia_acidovorans_SPH-1	Synechococcus_phage_S_CRM01	112.5
Delftia_sp__HK171	Bacillus_phage_AR9	131.3
Delftia_sp__HK171	Bacillus_phage_JBP901	113.15
Delftia_sp__HK171	Enterobacteria_phage_GEC_3S_complete_genome_97	123.2
Delftia_sp__HK171	Enterococcus_phage_vB_EfaP_IME195	136.7
Delftia_sp__HK171	Erwinia_phage_phiEa2809	100.1
Delftia_sp__HK171	Escherichia_phage_vB_EcoM_VpaE1	113.6
Delftia_sp__HK171	Lactococcus_phage_phiL47	168.3
Delftia_sp__HK171	Staphylococcus_phage_Team1	182.5
Delftia_sp__HK171	Yersinia_phage_phiYeO3_12	101.6
Delftia_tsuruhatensis_strain_CM13	Acinetobacter_phage_vB_AbaM_phiAbaA1	114
Delftia_tsuruhatensis_strain_CM13	Bacillus_phage_AR9	306.74347826087
Delftia_tsuruhatensis_strain_CM13	Bacillus_phage_CP_51	285.4
Delftia_tsuruhatensis_strain_CM13	Bacillus_phage_JBP901	272.076744186047
Delftia_tsuruhatensis_strain_CM13	Bacillus_phage_phiAGATE	235.7
Delftia_tsuruhatensis_strain_CM13	Bacillus_phage_phIS3501	335.05
Delftia_tsuruhatensis_strain_CM13	Bacillus_phage_Pony	207.2
Delftia_tsuruhatensis_strain_CM13	Bacillus_phage_vB_BtS_BMBtp3	100.9
Delftia_tsuruhatensis_strain_CM13	Bacteriophage_APSE_2	143.45
Delftia_tsuruhatensis_strain_CM13	Brucella_phage_Pr	127.475
Delftia_tsuruhatensis_strain_CM13	Campylobacter_phage_PC14	254.114285714286
Delftia_tsuruhatensis_strain_CM13	Caulobacter_phage_Cr30	224.147058823529
Delftia_tsuruhatensis_strain_CM13	Cellulophaga_phage_phi12_1	154.1
Delftia_tsuruhatensis_strain_CM13	Cellulophaga_phage_phi17_2	351.9
Delftia_tsuruhatensis_strain_CM13	Citrobacter_phage_SH2	149.8
Delftia_tsuruhatensis_strain_CM13	Clostridium_phage_phiCTC2A	535
Delftia_tsuruhatensis_strain_CM13	Croceibacter_phage_P2559Y	237.2
Delftia_tsuruhatensis_strain_CM13	Cronobacter_phage_phiES15	246.7
Delftia_tsuruhatensis_strain_CM13	Cyanophage_P_TIM40	194.65
Delftia_tsuruhatensis_strain_CM13	Cyanophage_PSS2	266.2
Delftia_tsuruhatensis_strain_CM13	Cyanophage_S_TIM5	214.64
Delftia_tsuruhatensis_strain_CM13	Enterobacteria_phage_GEC_3S_complete_genome_1	341.716666666667
Delftia_tsuruhatensis_strain_CM13	Enterobacteria_phage_GEC_3S_complete_genome_125	221.8
Delftia_tsuruhatensis_strain_CM13	Enterobacteria_phage_GEC_3S_complete_genome_127	185.3
Delftia_tsuruhatensis_strain_CM13	Enterobacteria_phage_GEC_3S_complete_genome_25	231.214285714286
Delftia_tsuruhatensis_strain_CM13	Enterobacteria_phage_GEC_3S_complete_genome_30	369.95
Delftia_tsuruhatensis_strain_CM13	Enterobacteria_phage_JenK1	262.925
Delftia_tsuruhatensis_strain_CM13	Enterobacteria_phage_phi92	611
Delftia_tsuruhatensis_strain_CM13	Enterobacteria_phage_Sf101	154.4
Delftia_tsuruhatensis_strain_CM13	Enterobacteriaphage_UAB_Phi87	329.171428571429
Delftia_tsuruhatensis_strain_CM13	Enterococcus_phage_EF62phi	169.8
Delftia_tsuruhatensis_strain_CM13	Enterococcus_phage_vB_EfaP_IME195	139.033333333333
Delftia_tsuruhatensis_strain_CM13	Erwinia_amylovora_phage_Era103	327.7
Delftia_tsuruhatensis_strain_CM13	Erwinia_phage_phiEa2809	163.6
Delftia_tsuruhatensis_strain_CM13	Erwinia_phage_PhiEaH1	135.75
Delftia_tsuruhatensis_strain_CM13	Escherichia_phage_EC6	129.8
Delftia_tsuruhatensis_strain_CM13	Escherichia_phage_ECML_117	364.225
Delftia_tsuruhatensis_strain_CM13	Escherichia_phage_KBNP1711	349.766666666667
Delftia_tsuruhatensis_strain_CM13	Escherichia_phage_MX01	140.5
Delftia_tsuruhatensis_strain_CM13	Escherichia_phage_pro147	108.2
Delftia_tsuruhatensis_strain_CM13	Escherichia_phage_vB_EcoM_JS09	267.711111111111
Delftia_tsuruhatensis_strain_CM13	Escherichia_phage_vB_EcoM_VpaE1	128.075
Delftia_tsuruhatensis_strain_CM13	Escherichia_phage_vB_EcoS_FFH1	237.92
Delftia_tsuruhatensis_strain_CM13	Flavobacterium_phage_6H	285
Delftia_tsuruhatensis_strain_CM13	Flavobacterium_phage_Fpv1	117.275
Delftia_tsuruhatensis_strain_CM13	Flavobacterium_phage_Fpv11	236.1
Delftia_tsuruhatensis_strain_CM13	Geobacillus_phage_GBK2	206.4
Delftia_tsuruhatensis_strain_CM13	Gordonia_phage_GRU1	213.26
Delftia_tsuruhatensis_strain_CM13	Klebsiella_phage_JD001	161.8
Delftia_tsuruhatensis_strain_CM13	Lactobacillus_phage_Ldl1	246.866666666667
Delftia_tsuruhatensis_strain_CM13	Lactobacillus_phage_phiLdb	255.690476190476
Delftia_tsuruhatensis_strain_CM13	Lactobacillus_phage_phiPYB5	174.8
Delftia_tsuruhatensis_strain_CM13	Lactobacillus_phage_PLE3	114.4
Delftia_tsuruhatensis_strain_CM13	Lactococcus_phage_949	135.6
Delftia_tsuruhatensis_strain_CM13	Lactococcus_phage_phiL47	315.861904761905
Delftia_tsuruhatensis_strain_CM13	Mannheimia_phage_vB_MhS_535AP2	163.575
Delftia_tsuruhatensis_strain_CM13	Mycobacterium_phage_Adler	272.7
Delftia_tsuruhatensis_strain_CM13	Mycobacterium_phage_First	164.1
Delftia_tsuruhatensis_strain_CM13	Nitrincola_phage_1M3_16	764.2
Delftia_tsuruhatensis_strain_CM13	Pectobacterium_phage_phiTE	318.755555555556
Delftia_tsuruhatensis_strain_CM13	Pelagibacter_phage_HTVC008M	133.6
Delftia_tsuruhatensis_strain_CM13	Planktothrix_phage_PaV_LD	203.325
Delftia_tsuruhatensis_strain_CM13	Prochlorococcus_phage_P_TIM68	125.6
Delftia_tsuruhatensis_strain_CM13	Pseudomonas_phage_B3	137.1
Delftia_tsuruhatensis_strain_CM13	Pseudomonas_phage_JBD44	139.85
Delftia_tsuruhatensis_strain_CM13	Pseudomonas_phage_MP1412	331.609090909091
Delftia_tsuruhatensis_strain_CM13	Pseudomonas_phage_PaBG	222.8
Delftia_tsuruhatensis_strain_CM13	Pseudomonas_phage_PAE1	175.6
Delftia_tsuruhatensis_strain_CM13	Pseudomonas_phage_PaP1	208.62
Delftia_tsuruhatensis_strain_CM13	Pseudomonas_phage_phi3	246.9
Delftia_tsuruhatensis_strain_CM13	Pseudomonas_phage_PhiPA3	140.2
Delftia_tsuruhatensis_strain_CM13	Pseudomonas_phage_vB_PaeM_PS24	119
Delftia_tsuruhatensis_strain_CM13	Pseudomonas_phage_YMC11_06_C171_PPU_BP	216.25
Delftia_tsuruhatensis_strain_CM13	Rhizobium_phage_RHEph10	141.3
Delftia_tsuruhatensis_strain_CM13	Rhizobium_phage_vB_RleM_PPF1	284.333333333333
Delftia_tsuruhatensis_strain_CM13	Roseobacter_phage_RDJL_Phi_1	361.633333333333
Delftia_tsuruhatensis_strain_CM13	Salmonella_phage_118970_sal2	288.966666666667
Delftia_tsuruhatensis_strain_CM13	Salmonella_phage_64795_sal3	255.992857142857
Delftia_tsuruhatensis_strain_CM13	Salmonella_phage_GG32	222.2
Delftia_tsuruhatensis_strain_CM13	Salmonella_phage_SFP10	219.645454545455
Delftia_tsuruhatensis_strain_CM13	Salmonella_phage_SJ46	368.05
Delftia_tsuruhatensis_strain_CM13	Salmonella_phage_ST160	344.291666666667
Delftia_tsuruhatensis_strain_CM13	Sodalis_phage_phiSG1	140.4
Delftia_tsuruhatensis_strain_CM13	Staphylococcus_phage_SPbeta_like	107.7
Delftia_tsuruhatensis_strain_CM13	Staphylococcus_phage_Team1	334.2125
Delftia_tsuruhatensis_strain_CM13	Streptococcus_phage_phiARI0923	163.3
Delftia_tsuruhatensis_strain_CM13	Synechococcus_phage_S_CRM01	222.722222222222
Delftia_tsuruhatensis_strain_CM13	Synechococcus_phage_S_PM2	130.2
Delftia_tsuruhatensis_strain_CM13	Synechococcus_phage_syn9	136
Delftia_tsuruhatensis_strain_CM13	Thermus_phage_TMA	177.35
Delftia_tsuruhatensis_strain_CM13	Tsukamurella_phage_TIN2	493.4
Delftia_tsuruhatensis_strain_CM13	Vibrio_phage_CTX	98.2
Delftia_tsuruhatensis_strain_CM13	Vibrio_phage_phi_3	238.885
Delftia_tsuruhatensis_strain_CM13	Vibrio_phage_ValKK3	208.7
Delftia_tsuruhatensis_strain_CM13	Xanthomonas_phage_Xp15	318.2
Delftia_tsuruhatensis_strain_CM13	Yersinia_phage_phiYeO3_12	124.95
Dinoroseobacter_shibae_DFL_12	Bacillus_phage_AR9	294.7
Dinoroseobacter_shibae_DFL_12	Bacillus_phage_JBP901	265
Dinoroseobacter_shibae_DFL_12	Caulobacter_phage_Cr30	551.2
Dinoroseobacter_shibae_DFL_12	Cronobacter_phage_phiES15	516.2
Dinoroseobacter_shibae_DFL_12	Enterobacteria_phage_GEC_3S_complete_genome_25	349
Dinoroseobacter_shibae_DFL_12	Gordonia_phage_GRU1	280.8
Dinoroseobacter_shibae_DFL_12	Lactococcus_phage_phiL47	315.5
Dinoroseobacter_shibae_DFL_12	Salmonella_phage_118970_sal2	387.9
Dinoroseobacter_shibae_DFL_12	Staphylococcus_phage_Team1	322.4
Dinoroseobacter_shibae_DFL_12	Vibrio_phage_phiVC8	371.3
Dinoroseobacter_shibae_DFL_12	Vibrio_phage_ValKK3	374.8
Edwardsiella_ictaluri_strain_RUSVM-1	Bacillus_phage_VMY22	154.1
Enterobacter_sp__E20	Enterobacteria_phage_GEC_3S_complete_genome_125	199.5
Enterobacter_sp__E20	Salmonella_phage_Fels_1	199.9
Enterobacteriaceae_bacterium_strain_FGI_57	Enterobacteria_phage_SfI	138.2
Erysipelothrix_rhusiopathiae_str__Fujisawa_DNA	Bacillus_phage_AR9	180.3
Erysipelothrix_rhusiopathiae_str__Fujisawa_DNA	Bacillus_phage_JBP901	240.4
Erysipelothrix_rhusiopathiae_str__Fujisawa_DNA	Lactococcus_phage_phiL47	217.7
Erysipelothrix_rhusiopathiae_str__Fujisawa_DNA	Pectobacterium_phage_phiTE	154.5
Erysipelothrix_rhusiopathiae_str__Fujisawa_DNA	Puniceispirillum_phage_HMO_2011	149.5
Erysipelothrix_rhusiopathiae_str__Fujisawa_DNA	Salmonella_phage_118970_sal2	273.5
Erysipelothrix_rhusiopathiae_str__Fujisawa_DNA	Staphylococcus_phage_Team1	208
Erysipelothrix_rhusiopathiae_str__Fujisawa_DNA	Streptococcus_phage_YMC_2011	132.5
Flavobacterium_psychrophilum_strain_CSF259-93	Bacillus_phage_AR9	283.9
Flavobacterium_psychrophilum_strain_CSF259-93	Bacillus_phage_JBP901	299.1
Flavobacterium_psychrophilum_strain_CSF259-93	Campylobacter_phage_PC14	300.25
Flavobacterium_psychrophilum_strain_CSF259-93	Enterobacteria_phage_GEC_3S_complete_genome_1	360.5
Flavobacterium_psychrophilum_strain_CSF259-93	Erwinia_amylovora_phage_Era103	289.7
Flavobacterium_psychrophilum_strain_CSF259-93	Erwinia_phage_phiEa2809	253.1
Flavobacterium_psychrophilum_strain_CSF259-93	Escherichia_phage_ECML_117	263.5
Flavobacterium_psychrophilum_strain_CSF259-93	Escherichia_phage_vB_EcoM_JS09	253.5
Flavobacterium_psychrophilum_strain_CSF259-93	Gordonia_phage_GRU1	270
Flavobacterium_psychrophilum_strain_CSF259-93	Lactobacillus_phage_Ldl1	345.9
Flavobacterium_psychrophilum_strain_CSF259-93	Lactococcus_phage_phiL47	321.3
Flavobacterium_psychrophilum_strain_CSF259-93	Mannheimia_phage_vB_MhS_535AP2	391.7
Flavobacterium_psychrophilum_strain_CSF259-93	Pectobacterium_phage_phiTE	301.6
Flavobacterium_psychrophilum_strain_CSF259-93	Planktothrix_phage_PaV_LD	298.9
Flavobacterium_psychrophilum_strain_CSF259-93	Pseudomonas_phage_YMC11_06_C171_PPU_BP	216.45
Flavobacterium_psychrophilum_strain_CSF259-93	Staphylococcus_phage_Team1	311.6
Flavobacterium_psychrophilum_strain_CSF259-93	Synechococcus_phage_S_CRM01	263.1
Flavobacterium_psychrophilum_strain_CSF259-93	Vibrio_phage_ValKK3	364
Gordonia_sp__QH-11	Bacillus_phage_AR9	183.7
Gordonia_sp__QH-11	Citrobacter_phage_SH2	184.1
Gordonia_sp__QH-11	Cyanophage_PSS2	200.7
Gordonia_sp__QH-11	Gordonia_phage_GRU1	246.65
Gordonia_sp__QH-11	Lactobacillus_phage_Ldl1	312.4
Gordonia_sp__QH-11	Lactococcus_phage_phiL47	287
Gordonia_sp__QH-11	Pseudomonas_phage_PAE1	197.2
Gordonia_sp__QH-11	Staphylococcus_phage_Team1	248.55
Gordonia_sp__QH-11	Vibrio_phage_phiVC8	302.3
Gordonia_sp__QH-11	Vibrio_phage_ValKK3	277.4
Gordonia_sp__QH-11	Xanthomonas_phage_Xp15	226.7
Haemophilus_influenzae_86-028NP	Bacillus_phage_JBP901	716.266666666667
Haemophilus_influenzae_86-028NP	Cyanophage_S_TIM5	369.4
Haemophilus_influenzae_86-028NP	Enterobacteria_phage_GEC_3S_complete_genome_59	121.7
Haemophilus_influenzae_86-028NP	Erwinia_phage_phiEa2809	844.7
Haemophilus_influenzae_86-028NP	Escherichia_phage_vB_EcoM_JS09	1068.1
Haemophilus_influenzae_86-028NP	Flavobacterium_phage_Fpv11	544.3
Haemophilus_influenzae_86-028NP	Pseudomonas_phage_YMC11_07_P54_PAE_BP	136.7
Haemophilus_influenzae_86-028NP	Salmonella_phage_ST160	133.6
Hydrogenobaculum_sp__Y04AAS1	Enterobacteria_phage_GEC_3S_complete_genome_1	313.5
Hydrogenobaculum_sp__Y04AAS1	Staphylococcus_phage_Team1	212.6
Hydrogenobaculum_sp__Y04AAS1	Vibrio_phage_ValKK3	317
Klebsiella_oxytoca_strain_AR_0147	Mannheimia_phage_vB_MhS_535AP2	123.2
Klebsiella_sp__M5al	Lactobacillus_phage_Ldl1	203.3
Klebsiella_sp__M5al	Lactobacillus_phage_phiLdb	160.9
Klebsiella_sp__M5al	Pseudomonas_phage_YMC11_07_P54_PAE_BP	185.2
Klebsiella_sp__M5al	Salmonella_phage_ST160	127.4
Lactobacillus_casei_LC2W	Enterobacteria_phage_GEC_3S_complete_genome_136	182.2
Lactobacillus_curieae_strain_CCTCC_M_2011381	Bacillus_phage_JBP901	102.4
Lactobacillus_curieae_strain_CCTCC_M_2011381	Cyanophage_S_TIM5	168.3
Lactobacillus_curieae_strain_CCTCC_M_2011381	Enterococcus_phage_EF62phi	112.4
Lactobacillus_curieae_strain_CCTCC_M_2011381	Escherichia_phage_MX01	106.3
Lactobacillus_curieae_strain_CCTCC_M_2011381	Staphylococcus_phage_Team1	161.7
Lactobacillus_delbrueckii_subsp__bulgaricus_ATCC_BAA-365	Burkholderia_phage_KS5	115.5
Lactobacillus_delbrueckii_subsp__bulgaricus_ATCC_BAA-365	Salmonella_phage_SJ46	208
Lactobacillus_delbrueckii_subsp__bulgaricus_ATCC_BAA-365	Staphylococcus_phage_Team1	170.2
Lactobacillus_gasseri_ATCC_33323	Bacillus_phage_AR9	763.1
Lactobacillus_gasseri_ATCC_33323	Bacillus_phage_JBP901	740.3
Lactobacillus_gasseri_ATCC_33323	Caulobacter_phage_Cr30	102.4
Lactobacillus_gasseri_ATCC_33323	Cyanophage_S_TIM5	161.8
Lactobacillus_gasseri_ATCC_33323	Enterobacteria_phage_Sf101	303.1
Lactobacillus_gasseri_ATCC_33323	Escherichia_phage_MX01	108.466666666667
Lactobacillus_gasseri_ATCC_33323	Lactococcus_phage_phiL47	469.35
Lactobacillus_gasseri_ATCC_33323	Pseudomonas_phage_PhiPA3	739.2
Lactobacillus_gasseri_ATCC_33323	Rhizobium_phage_vB_RleM_PPF1	143.6
Lactobacillus_gasseri_ATCC_33323	Sodalis_phage_phiSG1	94.8
Lactobacillus_gasseri_ATCC_33323	Staphylococcus_phage_SPbeta_like	307
Lactobacillus_gasseri_ATCC_33323	Staphylococcus_phage_Team1	797.7
Lactobacillus_gasseri_ATCC_33323	Synechococcus_phage_S_CBS3	782.3
Lactobacillus_gasseri_ATCC_33323	Synechococcus_phage_S_CRM01	98.2
Lactobacillus_johnsonii_NCC_533	Bacillus_phage_JBP901	206.4
Lactococcus_garvieae_Lg2_DNA	Staphylococcus_phage_SPbeta_like	193
Lactococcus_lactis_subsp__cremoris_MG1363	Citrobacter_phage_SH2	270
Lactococcus_lactis_subsp__cremoris_MG1363	Lactococcus_phage_28201	278.5
Lactococcus_lactis_subsp__cremoris_MG1363	Prochlorococcus_phage_P_TIM68	121.7
Lactococcus_lactis_subsp__cremoris_MG1363	Staphylococcus_phage_Team1	157.1
Lelliottia_sp__PFL01	Bacillus_phage_JBP901	174.066666666667
Lelliottia_sp__PFL01	Bacillus_phage_phIS3501	220.7
Lelliottia_sp__PFL01	Campylobacter_phage_PC14	148.633333333333
Lelliottia_sp__PFL01	Caulobacter_phage_Cr30	170.75
Lelliottia_sp__PFL01	Enterobacteria_phage_GEC_3S_complete_genome_25	149.4
Lelliottia_sp__PFL01	Escherichia_phage_vB_EcoS_FFH1	177.5
Lelliottia_sp__PFL01	Lactobacillus_phage_phiLdb	182.5
Lelliottia_sp__PFL01	Lactococcus_phage_phiL47	147.5
Lelliottia_sp__PFL01	Pectobacterium_phage_phiTE	253
Lelliottia_sp__PFL01	Pseudomonas_phage_PaP1	148.2
Lelliottia_sp__PFL01	Salmonella_phage_64795_sal3	147.85
Lelliottia_sp__PFL01	Salmonella_phage_SFP10	147.1
Lelliottia_sp__PFL01	Salmonella_phage_ST160	259.6
Lelliottia_sp__PFL01	Synechococcus_phage_S_CRM01	149
Lelliottia_sp__PFL01	Vibrio_phage_phi_3	179.45
Listeria_monocytogenes_10403S	Bacillus_phage_AR9	182.95
Listeria_monocytogenes_10403S	Bacillus_phage_JBP901	330.95
Listeria_monocytogenes_10403S	Bacillus_phage_phIS3501	280.85
Listeria_monocytogenes_10403S	Bacillus_phage_Pony	145.1
Listeria_monocytogenes_10403S	Campylobacter_phage_PC14	224.2
Listeria_monocytogenes_10403S	Cellulophaga_phage_phi17_2	324.7
Listeria_monocytogenes_10403S	Citrobacter_phage_SH2	154.525
Listeria_monocytogenes_10403S	Cyanophage_S_TIM5	328.9
Listeria_monocytogenes_10403S	Enterobacteria_phage_GEC_3S_complete_genome_1	414.4
Listeria_monocytogenes_10403S	Erwinia_phage_phiEa2809	137.9
Listeria_monocytogenes_10403S	Escherichia_phage_EC6	143.7
Listeria_monocytogenes_10403S	Escherichia_phage_vB_EcoM_JS09	274.6
Listeria_monocytogenes_10403S	Gordonia_phage_GRU1	720.7
Listeria_monocytogenes_10403S	Lactobacillus_phage_Ldl1	640.75
Listeria_monocytogenes_10403S	Lactobacillus_phage_phiPYB5	230.4
Listeria_monocytogenes_10403S	Lactococcus_phage_phiL47	207.65
Listeria_monocytogenes_10403S	Paenibacillus_phage_Harrison	277.3
Listeria_monocytogenes_10403S	Proteus_phage_PM_75	344
Listeria_monocytogenes_10403S	Pseudomonas_phage_MP1412	241.5
Listeria_monocytogenes_10403S	Salmonella_phage_64795_sal3	208.75
Listeria_monocytogenes_10403S	Salmonella_phage_SFP10	110.5
Listeria_monocytogenes_10403S	Staphylococcus_phage_SPbeta_like	117.1
Listeria_monocytogenes_10403S	Staphylococcus_phage_Team1	280.95
Listeria_monocytogenes_10403S	Synechococcus_phage_S_CRM01	188.2
Listeria_monocytogenes_10403S	Vibrio_phage_phi_3	158.6
Mannheimia_haemolytica_strain_89010807N_lktA-	Gordonia_phage_GRU1	120.5
Mannheimia_haemolytica_strain_89010807N_lktA-	Nitrincola_phage_1M3_16	119
Marinomonas_sp__MWYL1	Gordonia_phage_GRU1	181.4
Marinomonas_sp__MWYL1	Lactococcus_phage_phiL47	170.3
Microcystis_aeruginosa_NIES-843_DNA	Bacillus_phage_AR9	244.166666666667
Microcystis_aeruginosa_NIES-843_DNA	Bacillus_phage_JBP901	151.775
Microcystis_aeruginosa_NIES-843_DNA	Bacillus_phage_phIS3501	190.7
Microcystis_aeruginosa_NIES-843_DNA	Burkholderia_phage_KS5	287.4
Microcystis_aeruginosa_NIES-843_DNA	Campylobacter_phage_PC14	118.725
Microcystis_aeruginosa_NIES-843_DNA	Caulobacter_phage_Cr30	140.75
Microcystis_aeruginosa_NIES-843_DNA	Citrobacter_phage_SH2	119.4
Microcystis_aeruginosa_NIES-843_DNA	Cyanophage_S_TIM5	712.25
Microcystis_aeruginosa_NIES-843_DNA	Enterobacteria_phage_GEC_3S_complete_genome_25	119.4
Microcystis_aeruginosa_NIES-843_DNA	Erwinia_phage_phiEa2809	117.5
Microcystis_aeruginosa_NIES-843_DNA	Escherichia_phage_P13374	585.1
Microcystis_aeruginosa_NIES-843_DNA	Escherichia_phage_vB_EcoM_JS09	368.45
Microcystis_aeruginosa_NIES-843_DNA	Escherichia_phage_vB_EcoS_FFH1	147.5
Microcystis_aeruginosa_NIES-843_DNA	Gordonia_phage_GRU1	161.95
Microcystis_aeruginosa_NIES-843_DNA	Lactobacillus_phage_phiLdb	152.5
Microcystis_aeruginosa_NIES-843_DNA	Lactobacillus_phage_PLE2	350.9
Microcystis_aeruginosa_NIES-843_DNA	Lactococcus_phage_phiL47	193.766666666667
Microcystis_aeruginosa_NIES-843_DNA	Nitrincola_phage_1M3_16	132.9
Microcystis_aeruginosa_NIES-843_DNA	Pectobacterium_phage_phiTE	223
Microcystis_aeruginosa_NIES-843_DNA	Pseudomonas_phage_JBD44	136
Microcystis_aeruginosa_NIES-843_DNA	Pseudomonas_phage_PaP1	118.2
Microcystis_aeruginosa_NIES-843_DNA	Salmonella_phage_64795_sal3	117.85
Microcystis_aeruginosa_NIES-843_DNA	Salmonella_phage_SFP10	117.1
Microcystis_aeruginosa_NIES-843_DNA	Salmonella_phage_ST160	229.6
Microcystis_aeruginosa_NIES-843_DNA	Staphylococcus_phage_Team1	176
Microcystis_aeruginosa_NIES-843_DNA	Synechococcus_phage_S_CBS4	135.6
Microcystis_aeruginosa_NIES-843_DNA	Synechococcus_phage_S_CRM01	504.5125
Microcystis_aeruginosa_NIES-843_DNA	Synechococcus_phage_syn9	141
Microcystis_aeruginosa_NIES-843_DNA	Vibrio_phage_phi_3	153.3
Microcystis_aeruginosa_NIES-843_DNA	Xanthomonas_phage_Xp15	110.5
Microcystis_aeruginosa_NIES-843_DNA	Yersinia_phage_phiYeO3_12	109.8
Mycobacterium_avium_subsp__paratuberculosis_MAP4	Bacillus_phage_AR9	191.8
Mycobacterium_avium_subsp__paratuberculosis_MAP4	Bacillus_phage_JBP901	293.6
Mycobacterium_avium_subsp__paratuberculosis_MAP4	Bacillus_phage_PfEFR_5	224.3
Mycobacterium_avium_subsp__paratuberculosis_MAP4	Bacillus_phage_phiAGATE	213.7
Mycobacterium_avium_subsp__paratuberculosis_MAP4	Bacillus_phage_phIS3501	367.1
Mycobacterium_avium_subsp__paratuberculosis_MAP4	Bacteriophage_APSE_2	233
Mycobacterium_avium_subsp__paratuberculosis_MAP4	Campylobacter_phage_PC14	298.04
Mycobacterium_avium_subsp__paratuberculosis_MAP4	Caulobacter_phage_Cr30	251.683333333333
Mycobacterium_avium_subsp__paratuberculosis_MAP4	Cyanophage_P_TIM40	211.8
Mycobacterium_avium_subsp__paratuberculosis_MAP4	Enterobacteria_phage_GEC_3S_complete_genome_25	431.95
Mycobacterium_avium_subsp__paratuberculosis_MAP4	Erwinia_amylovora_phage_Era103	320.5
Mycobacterium_avium_subsp__paratuberculosis_MAP4	Erwinia_phage_phiEa2809	211.9
Mycobacterium_avium_subsp__paratuberculosis_MAP4	Escherichia_phage_MX01	271.55
Mycobacterium_avium_subsp__paratuberculosis_MAP4	Escherichia_phage_vB_EcoS_FFH1	323.9
Mycobacterium_avium_subsp__paratuberculosis_MAP4	Geobacillus_phage_GBK2	214.5
Mycobacterium_avium_subsp__paratuberculosis_MAP4	Gordonia_phage_GMA7	255.7
Mycobacterium_avium_subsp__paratuberculosis_MAP4	Lactobacillus_phage_phiLdb	328.9
Mycobacterium_avium_subsp__paratuberculosis_MAP4	Lactobacillus_phage_phiPYB5	188.3
Mycobacterium_avium_subsp__paratuberculosis_MAP4	Lactococcus_phage_phiL47	379.633333333333
Mycobacterium_avium_subsp__paratuberculosis_MAP4	Mycobacterium_phage_Adler	147.5
Mycobacterium_avium_subsp__paratuberculosis_MAP4	Mycobacterium_phage_First	222.7
Mycobacterium_avium_subsp__paratuberculosis_MAP4	Pectobacterium_phage_phiTE	272.7
Mycobacterium_avium_subsp__paratuberculosis_MAP4	Pseudomonas_phage_PaP1	294.6
Mycobacterium_avium_subsp__paratuberculosis_MAP4	Salmonella_phage_64795_sal3	294.25
Mycobacterium_avium_subsp__paratuberculosis_MAP4	Salmonella_phage_SFP10	293.5
Mycobacterium_avium_subsp__paratuberculosis_MAP4	Salmonella_phage_SPN1S	120.5
Mycobacterium_avium_subsp__paratuberculosis_MAP4	Salmonella_phage_ST160	406
Mycobacterium_avium_subsp__paratuberculosis_MAP4	Staphylococcus_phage_Team1	317.6
Mycobacterium_avium_subsp__paratuberculosis_MAP4	Synechococcus_phage_S_CRM01	295.4
Mycobacterium_avium_subsp__paratuberculosis_MAP4	Synechococcus_phage_S_PM2	322
Mycobacterium_avium_subsp__paratuberculosis_MAP4	Synechococcus_phage_syn9	236.1
Mycobacterium_avium_subsp__paratuberculosis_MAP4	Vibrio_phage_phi_3	325.85
Mycobacterium_avium_subsp__paratuberculosis_MAP4	Vibrio_phage_VP93	283.8
Mycobacterium_avium_subsp__paratuberculosis_MAP4	Xanthomonas_phage_Xp15	141
Mycobacterium_phlei_strain_CCUG_21000	Bacillus_phage_AR9	149.1
Mycobacterium_phlei_strain_CCUG_21000	Bacillus_phage_JBP901	119.4
Mycobacterium_phlei_strain_CCUG_21000	Cronobacter_phage_phiES15	126
Mycobacterium_phlei_strain_CCUG_21000	Cyanophage_S_TIM5	309.3
Mycobacterium_phlei_strain_CCUG_21000	Erwinia_phage_PhiEaH1	131
Mycobacterium_phlei_strain_CCUG_21000	Escherichia_phage_vB_EcoM_VpaE1	131.4
Mycobacterium_phlei_strain_CCUG_21000	Nitrincola_phage_1M3_16	133.7
Mycobacterium_phlei_strain_CCUG_21000	Pseudomonas_phage_PAE1	133.3
Mycobacterium_phlei_strain_CCUG_21000	Staphylococcus_phage_Team1	176.8
Mycobacterium_tuberculosis_BT2	Bacillus_phage_AR9	160.6
Mycobacterium_tuberculosis_BT2	Lactococcus_phage_phiL47	171.3
Mycobacterium_tuberculosis_BT2	Staphylococcus_phage_Team1	158.3
Mycoplasma_arthritidis_158L3-1	Campylobacter_phage_PC14	155.2
Myxococcus_xanthus_DK_1622	Bacillus_phage_AR9	165.55
Myxococcus_xanthus_DK_1622	Bacillus_phage_JBP901	230.1
Myxococcus_xanthus_DK_1622	Bacillus_phage_phIS3501	375.6
Myxococcus_xanthus_DK_1622	Bacteriophage_APSE_2	151.7
Myxococcus_xanthus_DK_1622	Campylobacter_phage_PC14	303.533333333333
Myxococcus_xanthus_DK_1622	Caulobacter_phage_Cr30	325.65
Myxococcus_xanthus_DK_1622	Citrobacter_phage_SH2	153.7
Myxococcus_xanthus_DK_1622	Clostridium_phage_phiCTC2A	515.5
Myxococcus_xanthus_DK_1622	Cyanophage_PSS2	154.5
Myxococcus_xanthus_DK_1622	Cyanophage_S_TIM5	379.666666666667
Myxococcus_xanthus_DK_1622	Enterobacteria_phage_GEC_3S_complete_genome_25	304.3
Myxococcus_xanthus_DK_1622	Enterobacteria_phage_GEC_3S_complete_genome_30	448.35
Myxococcus_xanthus_DK_1622	Enterobacteria_phage_GEC_3S_complete_genome_97	115.9
Myxococcus_xanthus_DK_1622	Enterobacteria_phage_JenK1	244.6
Myxococcus_xanthus_DK_1622	Enterobacteria_phage_Sf101	150.4
Myxococcus_xanthus_DK_1622	Enterococcus_phage_EF62phi	129.8
Myxococcus_xanthus_DK_1622	Erwinia_phage_phiEa2809	122.633333333333
Myxococcus_xanthus_DK_1622	Escherichia_phage_EC6	189.2
Myxococcus_xanthus_DK_1622	Escherichia_phage_ECML_117	212.6
Myxococcus_xanthus_DK_1622	Escherichia_phage_KBNP1711	217.25
Myxococcus_xanthus_DK_1622	Escherichia_phage_MX01	139.8
Myxococcus_xanthus_DK_1622	Escherichia_phage_vB_EcoM_JS09	280.7
Myxococcus_xanthus_DK_1622	Escherichia_phage_vB_EcoM_VpaE1	133.7
Myxococcus_xanthus_DK_1622	Escherichia_phage_vB_EcoS_FFH1	332.4
Myxococcus_xanthus_DK_1622	Flavobacterium_phage_Fpv11	232.7
Myxococcus_xanthus_DK_1622	Gordonia_phage_GRU1	151.7
Myxococcus_xanthus_DK_1622	Lactobacillus_phage_Ldl1	224.1
Myxococcus_xanthus_DK_1622	Lactobacillus_phage_phiLdb	273.6
Myxococcus_xanthus_DK_1622	Lactobacillus_phage_PLE2	167.2
Myxococcus_xanthus_DK_1622	Lactococcus_phage_phiL47	222.175
Myxococcus_xanthus_DK_1622	Mannheimia_phage_vB_MhS_587AP2	257.3
Myxococcus_xanthus_DK_1622	Mycobacterium_phage_First	153.7
Myxococcus_xanthus_DK_1622	Nitrincola_phage_1M3_16	204.8
Myxococcus_xanthus_DK_1622	Pectobacterium_phage_phiTE	271.35
Myxococcus_xanthus_DK_1622	Pseudomonas_phage_MP1412	596.7
Myxococcus_xanthus_DK_1622	Pseudomonas_phage_PAE1	146.3
Myxococcus_xanthus_DK_1622	Pseudomonas_phage_PaP1	303.1
Myxococcus_xanthus_DK_1622	Pseudomonas_phage_phi3	288.9
Myxococcus_xanthus_DK_1622	Pseudomonas_phage_YMC11_06_C171_PPU_BP	118.2
Myxococcus_xanthus_DK_1622	Rhizobium_phage_RHEph10	135.9
Myxococcus_xanthus_DK_1622	Salmonella_phage_64795_sal3	302.75
Myxococcus_xanthus_DK_1622	Salmonella_phage_SFP10	302
Myxococcus_xanthus_DK_1622	Salmonella_phage_ST160	241.633333333333
Myxococcus_xanthus_DK_1622	Staphylococcus_phage_Team1	188.355555555556
Myxococcus_xanthus_DK_1622	Synechococcus_phage_S_CRM01	180.85
Myxococcus_xanthus_DK_1622	Tsukamurella_phage_TIN2	156.8
Myxococcus_xanthus_DK_1622	Vibrio_phage_phi_3	277.6
Myxococcus_xanthus_DK_1622	Yersinia_phage_phiYeO3_12	121.475
Nocardia_brasiliensis_ATCC_700358	Bacillus_phage_Pony	137.2
Nocardia_brasiliensis_ATCC_700358	Caulobacter_phage_Cr30	101.7
Nocardia_brasiliensis_ATCC_700358	Escherichia_phage_ECML_117	276.6
Nocardia_brasiliensis_ATCC_700358	Lactococcus_phage_28201	112.1
Nocardia_brasiliensis_ATCC_700358	Planktothrix_phage_PaV_LD	312
Nocardia_brasiliensis_ATCC_700358	Yersinia_phage_phiYeO3_12	137.8
Oenococcus_oeni_PSU-1	Acinetobacter_phage_Presley	180.2
Oenococcus_oeni_PSU-1	Bacillus_phage_AR9	371.275
Oenococcus_oeni_PSU-1	Bacillus_phage_BCP8_2	107.8
Oenococcus_oeni_PSU-1	Bacillus_phage_CP_51	248.5
Oenococcus_oeni_PSU-1	Bacillus_phage_JBP901	292.044491525424
Oenococcus_oeni_PSU-1	Bacillus_phage_phiAGATE	160.8
Oenococcus_oeni_PSU-1	Bacillus_phage_phIS3501	280.024390243902
Oenococcus_oeni_PSU-1	Bacillus_phage_Pony	229.638461538462
Oenococcus_oeni_PSU-1	Bacillus_phage_Shbh1	245.1
Oenococcus_oeni_PSU-1	Bacillus_phage_Slash	188.1
Oenococcus_oeni_PSU-1	Bacillus_phage_Spock	295.9
Oenococcus_oeni_PSU-1	Bacillus_phage_vB_BtS_BMBtp3	96.7
Oenococcus_oeni_PSU-1	Bacteriophage_APSE_2	265.275
Oenococcus_oeni_PSU-1	Brucella_phage_BiPBO1	117.8
Oenococcus_oeni_PSU-1	Burkholderia_phage_KS5	188.525
Oenococcus_oeni_PSU-1	Campylobacter_phage_PC14	224.781954887218
Oenococcus_oeni_PSU-1	Caulobacter_phage_Cr30	232.839534883721
Oenococcus_oeni_PSU-1	Celeribacter_phage_P12053L	306.2
Oenococcus_oeni_PSU-1	Cellulophaga_phage_phi12_1	271.35
Oenococcus_oeni_PSU-1	Cellulophaga_phage_phi13_2	302.833333333333
Oenococcus_oeni_PSU-1	Cellulophaga_phage_phi17_2	177.566666666667
Oenococcus_oeni_PSU-1	Citrobacter_phage_SH2	196.62
Oenococcus_oeni_PSU-1	Clostridium_phage_c_st	483.55
Oenococcus_oeni_PSU-1	Clostridium_phage_phiCTC2A	226.9
Oenococcus_oeni_PSU-1	Cronobacter_phage_phiES15	109.4
Oenococcus_oeni_PSU-1	Cyanophage_P_TIM40	428.525
Oenococcus_oeni_PSU-1	Cyanophage_PSS2	300.3
Oenococcus_oeni_PSU-1	Cyanophage_S_TIM5	419.095
Oenococcus_oeni_PSU-1	Enterobacteria_phage_GEC_3S_complete_genome_1	384.791304347826
Oenococcus_oeni_PSU-1	Enterobacteria_phage_GEC_3S_complete_genome_127	252.7
Oenococcus_oeni_PSU-1	Enterobacteria_phage_GEC_3S_complete_genome_136	155.7
Oenococcus_oeni_PSU-1	Enterobacteria_phage_GEC_3S_complete_genome_25	213.775
Oenococcus_oeni_PSU-1	Enterobacteria_phage_GEC_3S_complete_genome_30	610.8375
Oenococcus_oeni_PSU-1	Enterobacteria_phage_GEC_3S_complete_genome_97	140.2
Oenococcus_oeni_PSU-1	Enterobacteria_phage_JenK1	285.4
Oenococcus_oeni_PSU-1	Enterobacteria_phage_phi92	293.516666666667
Oenococcus_oeni_PSU-1	Enterobacteria_phage_Sf101	184.1
Oenococcus_oeni_PSU-1	Enterobacteriaphage_UAB_Phi87	294.775
Oenococcus_oeni_PSU-1	Enterococcus_phage_EF62phi	236.45
Oenococcus_oeni_PSU-1	Erwinia_amylovora_phage_Era103	260.55
Oenococcus_oeni_PSU-1	Erwinia_phage_phiEa2809	285.275
Oenococcus_oeni_PSU-1	Erwinia_phage_PhiEaH1	122.575
Oenococcus_oeni_PSU-1	Escherichia_phage_Av_05	599.92
Oenococcus_oeni_PSU-1	Escherichia_phage_ECML_117	284.922727272727
Oenococcus_oeni_PSU-1	Escherichia_phage_KBNP1711	251.9
Oenococcus_oeni_PSU-1	Escherichia_phage_MX01	228.5625
Oenococcus_oeni_PSU-1	Escherichia_phage_PBECO_4	200.3
Oenococcus_oeni_PSU-1	Escherichia_phage_pro147	183.733333333333
Oenococcus_oeni_PSU-1	Escherichia_phage_vB_EcoM_JS09	321.977777777778
Oenococcus_oeni_PSU-1	Escherichia_phage_vB_EcoM_VpaE1	407.35
Oenococcus_oeni_PSU-1	Escherichia_phage_vB_EcoS_FFH1	229.047619047619
Oenococcus_oeni_PSU-1	Flavobacterium_phage_6H	380.9
Oenococcus_oeni_PSU-1	Flavobacterium_phage_Fpv1	348.6
Oenococcus_oeni_PSU-1	Flavobacterium_phage_Fpv11	301.35
Oenococcus_oeni_PSU-1	Geobacillus_phage_GBK2	177.35
Oenococcus_oeni_PSU-1	Geobacillus_phage_GBSV1	197.166666666667
Oenococcus_oeni_PSU-1	Gordonia_phage_GRU1	337.418181818182
Oenococcus_oeni_PSU-1	Klebsiella_phage_PKO111	223.8
Oenococcus_oeni_PSU-1	Lactobacillus_phage_Ldl1	396.391666666667
Oenococcus_oeni_PSU-1	Lactobacillus_phage_phiLdb	236.832584269663
Oenococcus_oeni_PSU-1	Lactobacillus_phage_phiPYB5	170.18
Oenococcus_oeni_PSU-1	Lactobacillus_phage_PLE2	150.6
Oenococcus_oeni_PSU-1	Lactococcus_phage_28201	199.4
Oenococcus_oeni_PSU-1	Lactococcus_phage_phiL47	319.850757575758
Oenococcus_oeni_PSU-1	Mannheimia_phage_vB_MhS_1152AP2	231.5
Oenococcus_oeni_PSU-1	Mannheimia_phage_vB_MhS_535AP2	215.036363636364
Oenococcus_oeni_PSU-1	Mycobacterium_phage_First	252.088888888889
Oenococcus_oeni_PSU-1	Nitrincola_phage_1M3_16	316.313333333333
Oenococcus_oeni_PSU-1	Pectobacterium_phage_phiTE	304.248979591837
Oenococcus_oeni_PSU-1	Pelagibacter_phage_HTVC008M	278.5
Oenococcus_oeni_PSU-1	Phage_Gifsy_2	462.6
Oenococcus_oeni_PSU-1	Planktothrix_phage_PaV_LD	340.578947368421
Oenococcus_oeni_PSU-1	Prochlorococcus_phage_P_TIM68	353.321052631579
Oenococcus_oeni_PSU-1	Proteus_phage_PM_75	364.95
Oenococcus_oeni_PSU-1	Pseudomonas_phage_JBD44	409.966666666667
Oenococcus_oeni_PSU-1	Pseudomonas_phage_MP1412	321.513953488372
Oenococcus_oeni_PSU-1	Pseudomonas_phage_O4	220.7
Oenococcus_oeni_PSU-1	Pseudomonas_phage_PaBG	246.009090909091
Oenococcus_oeni_PSU-1	Pseudomonas_phage_PAE1	232.925
Oenococcus_oeni_PSU-1	Pseudomonas_phage_PaP1	199.747619047619
Oenococcus_oeni_PSU-1	Pseudomonas_phage_phi3	246.9
Oenococcus_oeni_PSU-1	Pseudomonas_phage_PhiPA3	635.066666666667
Oenococcus_oeni_PSU-1	Pseudomonas_phage_vB_PaeM_PS24	176.4
Oenococcus_oeni_PSU-1	Pseudomonas_phage_YMC11_06_C171_PPU_BP	234.033333333333
Oenococcus_oeni_PSU-1	Rhizobium_phage_RHEph10	507.166666666667
Oenococcus_oeni_PSU-1	Rhizobium_phage_vB_RleM_PPF1	154.8
Oenococcus_oeni_PSU-1	Roseobacter_phage_RDJL_Phi_1	231
Oenococcus_oeni_PSU-1	Salisaeta_icosahedral_phage_1	285.4
Oenococcus_oeni_PSU-1	Salmonella_phage_118970_sal2	286.94375
Oenococcus_oeni_PSU-1	Salmonella_phage_64795_sal3	196.23125
Oenococcus_oeni_PSU-1	Salmonella_phage_SEN22	132.1
Oenococcus_oeni_PSU-1	Salmonella_phage_SFP10	211.185714285714
Oenococcus_oeni_PSU-1	Salmonella_phage_SJ46	167.928571428571
Oenococcus_oeni_PSU-1	Salmonella_phage_ST160	287.41724137931
Oenococcus_oeni_PSU-1	Sodalis_phage_phiSG1	348.2
Oenococcus_oeni_PSU-1	Staphylococcus_phage_P108	378.34
Oenococcus_oeni_PSU-1	Staphylococcus_phage_SPbeta_like	182.8
Oenococcus_oeni_PSU-1	Staphylococcus_phage_Team1	356.438095238095
Oenococcus_oeni_PSU-1	Streptococcus_phage_phiARI0031	274.35
Oenococcus_oeni_PSU-1	Streptococcus_phage_phiARI0923	302.5
Oenococcus_oeni_PSU-1	Streptococcus_phage_YMC_2011	170.7
Oenococcus_oeni_PSU-1	Synechococcus_phage_S_CBS2	178.7
Oenococcus_oeni_PSU-1	Synechococcus_phage_S_CBS3	462.92
Oenococcus_oeni_PSU-1	Synechococcus_phage_S_CBS4	207.5
Oenococcus_oeni_PSU-1	Synechococcus_phage_S_CRM01	223.124137931034
Oenococcus_oeni_PSU-1	Synechococcus_phage_syn9	322.588888888889
Oenococcus_oeni_PSU-1	Thermus_phage_TMA	407.05
Oenococcus_oeni_PSU-1	Tsukamurella_phage_TIN2	196.75
Oenococcus_oeni_PSU-1	Vibrio_phage_CTX	178.7
Oenococcus_oeni_PSU-1	Vibrio_phage_phi_3	235.61976744186
Oenococcus_oeni_PSU-1	Vibrio_phage_phiVC8	381.533333333333
Oenococcus_oeni_PSU-1	Vibrio_phage_VP93	403.6
Oenococcus_oeni_PSU-1	Yersinia_phage_phiYeO3_12	162.85
Paenibacillus_larvae_subsp__pulvifaciens_strain_ATCC_13537	Paenibacillus_phage_Harrison	282.3
Paenibacillus_larvae_subsp__pulvifaciens_strain_ATCC_13537	Synechococcus_phage_S_CRM01	279.3
Pantoea_agglomerans_strain_FDAARGOS_160	Bacillus_phage_AR9	412.1
Pantoea_agglomerans_strain_FDAARGOS_160	Bacillus_phage_JBP901	333.05
Pantoea_agglomerans_strain_FDAARGOS_160	Campylobacter_phage_PC14	661.7
Pantoea_agglomerans_strain_FDAARGOS_160	Citrobacter_phage_SH2	298.1
Pantoea_agglomerans_strain_FDAARGOS_160	Enterobacteria_phage_GEC_3S_complete_genome_86	199.5
Pantoea_agglomerans_strain_FDAARGOS_160	Enterobacteria_phage_Sf101	194.5
Pantoea_agglomerans_strain_FDAARGOS_160	Erwinia_phage_phiEa2809	332.4
Pantoea_agglomerans_strain_FDAARGOS_160	Escherichia_phage_HY03	663.2
Pantoea_agglomerans_strain_FDAARGOS_160	Flavobacterium_phage_Fpv11	218.4
Pantoea_agglomerans_strain_FDAARGOS_160	Lactobacillus_phage_Ldl1	100.5
Pantoea_agglomerans_strain_FDAARGOS_160	Lactococcus_phage_phiL47	542.733333333333
Pantoea_agglomerans_strain_FDAARGOS_160	Mannheimia_phage_vB_MhS_1152AP2	104
Pantoea_agglomerans_strain_FDAARGOS_160	Mycobacterium_phage_Adler	229.2
Pantoea_agglomerans_strain_FDAARGOS_160	Pseudomonas_phage_PaBG	221.5
Pantoea_agglomerans_strain_FDAARGOS_160	Roseobacter_phage_RDJL_Phi_1	424.4
Pantoea_agglomerans_strain_FDAARGOS_160	Salmonella_phage_ST160	196.8
Pantoea_agglomerans_strain_FDAARGOS_160	Sodalis_phage_phiSG1	159.8
Pantoea_agglomerans_strain_FDAARGOS_160	Staphylococcus_phage_Team1	582.9
Pantoea_agglomerans_strain_FDAARGOS_160	Streptococcus_phage_YMC_2011	180.7
Pantoea_agglomerans_strain_FDAARGOS_160	Vibrio_phage_pVp_1	314.3
Pantoea_agglomerans_strain_FDAARGOS_160	Yersinia_phage_phiYeO3_12	427.5
Pasteurella_multocida_subsp__multocida_strain_CIRMBP-0884	Gordonia_phage_GRU1	241.5
Pasteurella_multocida_subsp__multocida_strain_CIRMBP-0884	Staphylococcus_phage_Team1	283.1
Prochlorococcus_sp__MIT_0604	Bacillus_phage_AR9	159.85
Prochlorococcus_sp__MIT_0604	Bacillus_phage_JBP901	147.1
Prochlorococcus_sp__MIT_0604	Bacillus_phage_Slash	152.9
Prochlorococcus_sp__MIT_0604	Cyanophage_P_TIM40	247.3
Prochlorococcus_sp__MIT_0604	Cyanophage_S_TIM5	124.4
Prochlorococcus_sp__MIT_0604	Erwinia_phage_phiEa2809	146
Prochlorococcus_sp__MIT_0604	Escherichia_phage_vB_EcoM_VpaE1	159.1
Prochlorococcus_sp__MIT_0604	Lactobacillus_phage_phiLdb	398.2
Prochlorococcus_sp__MIT_0604	Lactococcus_phage_phiL47	146.7
Prochlorococcus_sp__MIT_0604	Prochlorococcus_phage_P_TIM68	687.9
Prochlorococcus_sp__MIT_0604	Pseudomonas_phage_PhiPA3	146
Prochlorococcus_sp__MIT_0604	Staphylococcus_phage_Team1	204.5
Prochlorococcus_sp__MIT_0604	Synechococcus_phage_S_CRM01	685.6
Propionibacterium_freudenreichii_subsp__shermanii_CIRM-BIA1	Bacillus_phage_AR9	109
Propionibacterium_freudenreichii_subsp__shermanii_CIRM-BIA1	Bacillus_phage_JBP901	200.7
Propionibacterium_freudenreichii_subsp__shermanii_CIRM-BIA1	Campylobacter_phage_PC14	156.4
Propionibacterium_freudenreichii_subsp__shermanii_CIRM-BIA1	Croceibacter_phage_P2559Y	166
Propionibacterium_freudenreichii_subsp__shermanii_CIRM-BIA1	Cyanophage_S_TIM5	176.05
Propionibacterium_freudenreichii_subsp__shermanii_CIRM-BIA1	Enterobacteriaphage_UAB_Phi87	241.9
Propionibacterium_freudenreichii_subsp__shermanii_CIRM-BIA1	Flavobacterium_phage_Fpv1	109
Propionibacterium_freudenreichii_subsp__shermanii_CIRM-BIA1	Lactococcus_phage_phiL47	110.5
Propionibacterium_freudenreichii_subsp__shermanii_CIRM-BIA1	Pectobacterium_phage_phiTE	158.3
Propionibacterium_freudenreichii_subsp__shermanii_CIRM-BIA1	Salmonella_phage_118970_sal2	233.8
Propionibacterium_freudenreichii_subsp__shermanii_CIRM-BIA1	Vibrio_phage_phi_3	136.7
Proteus_mirabilis_strain_AR_0059	Staphylococcus_phage_Team1	157.5
Proteus_mirabilis_strain_AR_0059	Streptococcus_phage_phiARI0923	218.8
Pseudoalteromonas_sp__Bsw20308	Citrobacter_phage_SH2	112.5
Pseudoalteromonas_sp__Bsw20308	Klebsiella_phage_JD001	139.4
Pseudoalteromonas_sp__Bsw20308	Lactococcus_phage_949	113.2
Pseudoalteromonas_sp__Bsw20308	Lactococcus_phage_phiL47	115.2
Pseudoalteromonas_sp__Bsw20308	Staphylococcus_phage_Team1	169.8
Pseudomonas_aeruginosa_NCGM2_S1_DNA	Bacillus_phage_AR9	179.5
Pseudomonas_aeruginosa_NCGM2_S1_DNA	Bacillus_phage_JBP901	283.9
Pseudomonas_aeruginosa_NCGM2_S1_DNA	Cellulophaga_phage_phi13_2	196.4
Pseudomonas_aeruginosa_NCGM2_S1_DNA	Erwinia_amylovora_phage_Era103	229.6
Pseudomonas_aeruginosa_NCGM2_S1_DNA	Gordonia_phage_GRU1	209.9
Pseudomonas_aeruginosa_NCGM2_S1_DNA	Staphylococcus_phage_Team1	233.95
Pseudomonas_chlororaphis_strain_UFB2	Citrobacter_phage_SH2	168.3
Pseudomonas_fluorescens_strain_LBUM223	Bacillus_phage_AR9	179.45
Pseudomonas_fluorescens_strain_LBUM223	Bacillus_phage_JBP901	208.15
Pseudomonas_fluorescens_strain_LBUM223	Burkholderia_phage_KS5	397.1
Pseudomonas_fluorescens_strain_LBUM223	Campylobacter_phage_PC14	285
Pseudomonas_fluorescens_strain_LBUM223	Caulobacter_phage_Cr30	123.6
Pseudomonas_fluorescens_strain_LBUM223	Cellulophaga_phage_phi12_1	133.6
Pseudomonas_fluorescens_strain_LBUM223	Clostridium_phage_c_st	255.7
Pseudomonas_fluorescens_strain_LBUM223	Enterobacteria_phage_GEC_3S_complete_genome_1	392.8
Pseudomonas_fluorescens_strain_LBUM223	Enterobacteria_phage_GEC_3S_complete_genome_30	337.4
Pseudomonas_fluorescens_strain_LBUM223	Escherichia_phage_P13374	306.5
Pseudomonas_fluorescens_strain_LBUM223	Gordonia_phage_GRU1	194.25
Pseudomonas_fluorescens_strain_LBUM223	Lactobacillus_phage_Ldl1	201.4
Pseudomonas_fluorescens_strain_LBUM223	Nitrincola_phage_1M3_16	121.3
Pseudomonas_fluorescens_strain_LBUM223	Pectobacterium_phage_phiTE	390.9
Pseudomonas_fluorescens_strain_LBUM223	Rhizobium_phage_RHEph10	110.5
Pseudomonas_fluorescens_strain_LBUM223	Ruegeria_phage_DSS3_P1	131.7
Pseudomonas_fluorescens_strain_LBUM223	Salmonella_phage_SJ46	350.2
Pseudomonas_fluorescens_strain_LBUM223	Salmonella_phage_ST160	171.4
Pseudomonas_fluorescens_strain_LBUM223	Staphylococcus_phage_Team1	233.233333333333
Pseudomonas_fluorescens_strain_LBUM223	Streptococcus_phage_phiARI0923	166.6
Pseudomonas_fluorescens_strain_LBUM223	Vibrio_phage_phi_3	328.9
Pseudomonas_fluorescens_strain_LBUM223	Yersinia_phage_phiYeO3_12	124.7
Pseudomonas_protegens_strain_H78	Bacillus_phage_AR9	175.05
Pseudomonas_protegens_strain_H78	Bacillus_phage_JBP901	170.633333333333
Pseudomonas_protegens_strain_H78	Enterobacteria_phage_GEC_3S_complete_genome_30	334
Pseudomonas_protegens_strain_H78	Erwinia_phage_phiEa2809	101.3
Pseudomonas_protegens_strain_H78	Escherichia_phage_ECML_117	111.7
Pseudomonas_protegens_strain_H78	Flavobacterium_phage_Fpv11	199.2
Pseudomonas_protegens_strain_H78	Lactococcus_phage_phiL47	170.7
Pseudomonas_protegens_strain_H78	Staphylococcus_phage_Team1	160.4
Pseudomonas_sp__CC6-YY-74	Acinetobacter_phage_Presley	186.366666666667
Pseudomonas_sp__CC6-YY-74	Bacillus_phage_AR9	267.805263157895
Pseudomonas_sp__CC6-YY-74	Bacillus_phage_JBP901	314.98
Pseudomonas_sp__CC6-YY-74	Bacillus_phage_phiAGATE	741.9
Pseudomonas_sp__CC6-YY-74	Bacillus_phage_phIS3501	371.058333333333
Pseudomonas_sp__CC6-YY-74	Bacillus_phage_Pony	295.8
Pseudomonas_sp__CC6-YY-74	Bacillus_phage_Shbh1	266.9
Pseudomonas_sp__CC6-YY-74	Bacillus_phage_Spock	97.4
Pseudomonas_sp__CC6-YY-74	Bacillus_phage_Stills	207.233333333333
Pseudomonas_sp__CC6-YY-74	Bacillus_phage_vB_BtS_BMBtp3	126.466666666667
Pseudomonas_sp__CC6-YY-74	Bacteriophage_APSE_2	232.45
Pseudomonas_sp__CC6-YY-74	Burkholderia_phage_KS5	160.914285714286
Pseudomonas_sp__CC6-YY-74	Campylobacter_phage_PC14	402.492682926829
Pseudomonas_sp__CC6-YY-74	Caulobacter_phage_Cr30	353.833333333333
Pseudomonas_sp__CC6-YY-74	Celeribacter_phage_P12053L	391.4
Pseudomonas_sp__CC6-YY-74	Cellulophaga_phage_phi12_1	373.4
Pseudomonas_sp__CC6-YY-74	Cellulophaga_phage_phi17_2	346.45
Pseudomonas_sp__CC6-YY-74	Citrobacter_phage_SH2	361.8
Pseudomonas_sp__CC6-YY-74	Clostridium_phage_c_st	232.6
Pseudomonas_sp__CC6-YY-74	Clostridium_phage_phiCTC2A	661
Pseudomonas_sp__CC6-YY-74	Croceibacter_phage_P2559Y	167.1
Pseudomonas_sp__CC6-YY-74	Cronobacter_phage_phiES15	138.3
Pseudomonas_sp__CC6-YY-74	Cyanophage_P_TIM40	263.5
Pseudomonas_sp__CC6-YY-74	Cyanophage_PSS2	279
Pseudomonas_sp__CC6-YY-74	Cyanophage_S_TIM5	521.805882352941
Pseudomonas_sp__CC6-YY-74	Enterobacteria_phage_GEC_3S_complete_genome_1	317.945454545455
Pseudomonas_sp__CC6-YY-74	Enterobacteria_phage_GEC_3S_complete_genome_25	290.79
Pseudomonas_sp__CC6-YY-74	Enterobacteria_phage_GEC_3S_complete_genome_30	480.066666666667
Pseudomonas_sp__CC6-YY-74	Enterobacteria_phage_GEC_3S_complete_genome_86	215.7
Pseudomonas_sp__CC6-YY-74	Enterobacteria_phage_GEC_3S_complete_genome_94	474.35
Pseudomonas_sp__CC6-YY-74	Enterobacteria_phage_JenK1	390.4
Pseudomonas_sp__CC6-YY-74	Enterobacteria_phage_phi92	313.94
Pseudomonas_sp__CC6-YY-74	Enterobacteria_phage_ST104_DNA	101.1
Pseudomonas_sp__CC6-YY-74	Enterobacteriaphage_UAB_Phi87	496.133333333333
Pseudomonas_sp__CC6-YY-74	Enterococcus_phage_EF62phi	118.2
Pseudomonas_sp__CC6-YY-74	Erwinia_amylovora_phage_Era103	245.775
Pseudomonas_sp__CC6-YY-74	Erwinia_phage_phiEa2809	270.0375
Pseudomonas_sp__CC6-YY-74	Erwinia_phage_PhiEaH1	479.95
Pseudomonas_sp__CC6-YY-74	Escherichia_phage_Av_05	447.4
Pseudomonas_sp__CC6-YY-74	Escherichia_phage_ECML_117	258.685714285714
Pseudomonas_sp__CC6-YY-74	Escherichia_phage_HY03	217.6
Pseudomonas_sp__CC6-YY-74	Escherichia_phage_KBNP1711	316.508333333333
Pseudomonas_sp__CC6-YY-74	Escherichia_phage_MX01	125.1
Pseudomonas_sp__CC6-YY-74	Escherichia_phage_PA2	113.133333333333
Pseudomonas_sp__CC6-YY-74	Escherichia_phage_pro147	182.3
Pseudomonas_sp__CC6-YY-74	Escherichia_phage_SUSP2	190.6
Pseudomonas_sp__CC6-YY-74	Escherichia_phage_vB_EcoM_JS09	241.766666666667
Pseudomonas_sp__CC6-YY-74	Escherichia_phage_vB_EcoS_FFH1	384.35
Pseudomonas_sp__CC6-YY-74	Flavobacterium_phage_6H	427.366666666667
Pseudomonas_sp__CC6-YY-74	Flavobacterium_phage_Fpv1	265.2
Pseudomonas_sp__CC6-YY-74	Flavobacterium_phage_Fpv11	428.75
Pseudomonas_sp__CC6-YY-74	Geobacillus_phage_GBK2	213.95
Pseudomonas_sp__CC6-YY-74	Gordonia_phage_GRU1	337
Pseudomonas_sp__CC6-YY-74	Klebsiella_phage_JD001	431.2
Pseudomonas_sp__CC6-YY-74	Klebsiella_phage_vB_KpnM_KpV477	97
Pseudomonas_sp__CC6-YY-74	Lactobacillus_phage_Ldl1	234.95
Pseudomonas_sp__CC6-YY-74	Lactobacillus_phage_phiLdb	328.725
Pseudomonas_sp__CC6-YY-74	Lactobacillus_phage_phiPYB5	294.328571428571
Pseudomonas_sp__CC6-YY-74	Lactobacillus_phage_PLE2	290.98
Pseudomonas_sp__CC6-YY-74	Lactococcus_phage_28201	503.1
Pseudomonas_sp__CC6-YY-74	Lactococcus_phage_949	405
Pseudomonas_sp__CC6-YY-74	Lactococcus_phage_phiL47	279.35
Pseudomonas_sp__CC6-YY-74	Mannheimia_phage_vB_MhS_535AP2	275.38
Pseudomonas_sp__CC6-YY-74	Mycobacterium_phage_First	247.7
Pseudomonas_sp__CC6-YY-74	Nitrincola_phage_1M3_16	219.128571428571
Pseudomonas_sp__CC6-YY-74	Pectobacterium_phage_phiTE	367.973913043478
Pseudomonas_sp__CC6-YY-74	Pelagibacter_phage_HTVC019P	227.3
Pseudomonas_sp__CC6-YY-74	Planktothrix_phage_PaV_LD	246.914285714286
Pseudomonas_sp__CC6-YY-74	Prochlorococcus_phage_P_TIM68	359.841666666667
Pseudomonas_sp__CC6-YY-74	Pseudomonas_phage_B3	157.1
Pseudomonas_sp__CC6-YY-74	Pseudomonas_phage_JBD44	404.925
Pseudomonas_sp__CC6-YY-74	Pseudomonas_phage_MP1412	333.343902439024
Pseudomonas_sp__CC6-YY-74	Pseudomonas_phage_PaBG	210.7
Pseudomonas_sp__CC6-YY-74	Pseudomonas_phage_PAE1	210.25
Pseudomonas_sp__CC6-YY-74	Pseudomonas_phage_PaP1	301.1125
Pseudomonas_sp__CC6-YY-74	Pseudomonas_phage_phi3	350.35
Pseudomonas_sp__CC6-YY-74	Pseudomonas_phage_YMC11_07_P54_PAE_BP	155.6
Pseudomonas_sp__CC6-YY-74	Puniceispirillum_phage_HMO_2011	324.346666666667
Pseudomonas_sp__CC6-YY-74	Rhizobium_phage_RHEph10	295.6
Pseudomonas_sp__CC6-YY-74	Rhizobium_phage_vB_RleM_PPF1	223.766666666667
Pseudomonas_sp__CC6-YY-74	Roseobacter_phage_RDJL_Phi_1	208.64
Pseudomonas_sp__CC6-YY-74	Salisaeta_icosahedral_phage_1	220.7
Pseudomonas_sp__CC6-YY-74	Salmonella_phage_118970_sal2	311.471428571429
Pseudomonas_sp__CC6-YY-74	Salmonella_phage_64795_sal3	324.1
Pseudomonas_sp__CC6-YY-74	Salmonella_phage_7_11	206.5
Pseudomonas_sp__CC6-YY-74	Salmonella_phage_SFP10	303.2
Pseudomonas_sp__CC6-YY-74	Salmonella_phage_SJ46	292.895238095238
Pseudomonas_sp__CC6-YY-74	Salmonella_phage_SPN1S	201
Pseudomonas_sp__CC6-YY-74	Salmonella_phage_ST160	378.81
Pseudomonas_sp__CC6-YY-74	Shigella_phage_Shf125875	225.4
Pseudomonas_sp__CC6-YY-74	Sodalis_phage_phiSG1	195.3
Pseudomonas_sp__CC6-YY-74	Staphylococcus_phage_P108	219.333333333333
Pseudomonas_sp__CC6-YY-74	Staphylococcus_phage_SPbeta_like	110.6
Pseudomonas_sp__CC6-YY-74	Staphylococcus_phage_Team1	327.967567567568
Pseudomonas_sp__CC6-YY-74	Streptococcus_phage_phiARI0923	201.8
Pseudomonas_sp__CC6-YY-74	Synechococcus_phage_S_CBS3	185.25
Pseudomonas_sp__CC6-YY-74	Synechococcus_phage_S_CRM01	241.758064516129
Pseudomonas_sp__CC6-YY-74	Synechococcus_phage_S_PM2	252.525
Pseudomonas_sp__CC6-YY-74	Synechococcus_phage_syn9	110.9
Pseudomonas_sp__CC6-YY-74	Thermus_phage_TMA	355.55
Pseudomonas_sp__CC6-YY-74	Vibrio_phage_phi_3	347.222727272727
Pseudomonas_sp__CC6-YY-74	Vibrio_phage_phiVC8	357.88
Pseudomonas_sp__CC6-YY-74	Vibrio_phage_ValKK3	358.6
Pseudomonas_sp__CC6-YY-74	Vibrio_phage_VFJ	226.066666666667
Pseudomonas_sp__CC6-YY-74	Weissella_phage_phiYS61	134.4
Pseudomonas_sp__CC6-YY-74	Yersinia_phage_phiYeO3_12	248.16
Psychrobacter_sp__P2G3	Bacillus_phage_AR9	134.4
Ralstonia_solanacearum_strain_UY031	Bacillus_phage_AR9	164
Ralstonia_solanacearum_strain_UY031	Geobacillus_phage_GBK2	164.4
Ralstonia_solanacearum_strain_UY031	Salmonella_phage_118970_sal2	189.4
Rhizobium_etli_bv__mimosae_str__Mim1	Bacillus_phage_JBP901	184.5
Rhizobium_etli_bv__mimosae_str__Mim1	Bacillus_phage_phIS3501	242.3
Rhizobium_etli_bv__mimosae_str__Mim1	Campylobacter_phage_PC14	170.233333333333
Rhizobium_etli_bv__mimosae_str__Mim1	Caulobacter_phage_Cr30	192.35
Rhizobium_etli_bv__mimosae_str__Mim1	Enterobacteria_phage_GEC_3S_complete_genome_25	171
Rhizobium_etli_bv__mimosae_str__Mim1	Erwinia_phage_phiEa2809	169.1
Rhizobium_etli_bv__mimosae_str__Mim1	Escherichia_phage_vB_EcoS_FFH1	199.1
Rhizobium_etli_bv__mimosae_str__Mim1	Lactobacillus_phage_phiLdb	204.1
Rhizobium_etli_bv__mimosae_str__Mim1	Lactococcus_phage_phiL47	169.1
Rhizobium_etli_bv__mimosae_str__Mim1	Nitrincola_phage_1M3_16	184.5
Rhizobium_etli_bv__mimosae_str__Mim1	Pectobacterium_phage_phiTE	274.6
Rhizobium_etli_bv__mimosae_str__Mim1	Pseudomonas_phage_PaP1	169.8
Rhizobium_etli_bv__mimosae_str__Mim1	Salmonella_phage_64795_sal3	169.45
Rhizobium_etli_bv__mimosae_str__Mim1	Salmonella_phage_SFP10	168.7
Rhizobium_etli_bv__mimosae_str__Mim1	Salmonella_phage_ST160	281.2
Rhizobium_etli_bv__mimosae_str__Mim1	Staphylococcus_phage_Team1	227.6
Rhizobium_etli_bv__mimosae_str__Mim1	Synechococcus_phage_S_CRM01	170.6
Rhizobium_etli_bv__mimosae_str__Mim1	Vibrio_phage_phi_3	201.05
Rhizobium_gallicum_bv__gallicum_R602	Citrobacter_phage_SH2	117.1
Rhizobium_gallicum_bv__gallicum_R602	Enterobacteria_phage_GEC_3S_complete_genome_1	267.6
Rhizobium_gallicum_bv__gallicum_R602	Staphylococcus_phage_Team1	218.7
Rhizobium_gallicum_bv__gallicum_R602	Synechococcus_phage_S_CRM01	137.5
Rhizobium_gallicum_bv__gallicum_R602	Yersinia_phage_phiYeO3_12	104.7
Rhizobium_leguminosarum_bv__trifolii_WSM1689	Staphylococcus_phage_Team1	158.6
Rhodobacter_capsulatus_SB_1003	Gordonia_phage_GRU1	153.6
Rhodobacter_capsulatus_SB_1003	Synechococcus_phage_S_CRM01	573.6
Rhodococcus_erythropolis_strain_BG43	Prochlorococcus_phage_P_TIM68	156
Rhodococcus_erythropolis_strain_BG43	Staphylococcus_phage_Team1	167.9
Rhodoferax_sp__DCY110	Bacillus_phage_AR9	237.233333333333
Rhodoferax_sp__DCY110	Bacillus_phage_JBP901	293.1
Rhodoferax_sp__DCY110	Bacillus_phage_Pony	256.45
Rhodoferax_sp__DCY110	Campylobacter_phage_PC14	278.1
Rhodoferax_sp__DCY110	Caulobacter_phage_Cr30	109
Rhodoferax_sp__DCY110	Citrobacter_phage_SH2	244.15
Rhodoferax_sp__DCY110	Clostridium_phage_phiCTC2A	630.9
Rhodoferax_sp__DCY110	Enterobacteria_phage_Sf101	270.7
Rhodoferax_sp__DCY110	Erwinia_phage_phiEa2809	256.5
Rhodoferax_sp__DCY110	Escherichia_phage_HY03	277.3
Rhodoferax_sp__DCY110	Escherichia_phage_vB_EcoM_JS09	333.6
Rhodoferax_sp__DCY110	Geobacillus_phage_GBK2	110.9
Rhodoferax_sp__DCY110	Lactobacillus_phage_Ldl1	203
Rhodoferax_sp__DCY110	Lactococcus_phage_28201	119.4
Rhodoferax_sp__DCY110	Lactococcus_phage_phiL47	178.4
Rhodoferax_sp__DCY110	Mycobacterium_phage_First	134.1
Rhodoferax_sp__DCY110	Nitrincola_phage_1M3_16	125.6
Rhodoferax_sp__DCY110	Planktothrix_phage_PaV_LD	302.3
Rhodoferax_sp__DCY110	Pseudomonas_phage_MP1412	127.1
Rhodoferax_sp__DCY110	Pseudomonas_phage_PAE1	125.2
Rhodoferax_sp__DCY110	Pseudomonas_phage_phi3	336.65
Rhodoferax_sp__DCY110	Pseudomonas_phage_vB_PaeM_PS24	267.3
Rhodoferax_sp__DCY110	Roseobacter_phage_RDJL_Phi_1	124
Rhodoferax_sp__DCY110	Salmonella_phage_118970_sal2	283.4
Rhodoferax_sp__DCY110	Staphylococcus_phage_Team1	256.733333333333
Rhodoferax_sp__DCY110	Synechococcus_phage_S_CRM01	269.733333333333
Rhodoferax_sp__DCY110	Tsukamurella_phage_TIN2	311.2
Rhodoferax_sp__DCY110	Vibrio_phage_ValKK3	387.5
Rhodoferax_sp__DCY110	Vibrio_phage_VP93	184.1
Rhodoferax_sp__DCY110	Xanthomonas_phage_Xp15	284.3
Rhodoferax_sp__DCY110	Yersinia_phage_phiYeO3_12	257.6
Rhodothermus_marinus_DSM_4252	Lactococcus_phage_phiL47	170.7
Rhodothermus_marinus_DSM_4252	Pseudomonas_phage_PAE1	117.5
Rhodothermus_marinus_DSM_4252	Staphylococcus_phage_Team1	161
Rhodothermus_marinus_DSM_4252	Thermus_phage_TMA	286.2
Roseobacter_denitrificans_OCh_114	Bacillus_phage_AR9	291.166666666667
Roseobacter_denitrificans_OCh_114	Citrobacter_phage_SH2	238.4
Roseobacter_denitrificans_OCh_114	Enterobacteria_phage_GEC_3S_complete_genome_97	235.7
Roseobacter_denitrificans_OCh_114	Lactococcus_phage_phiL47	304.7
Roseobacter_denitrificans_OCh_114	Staphylococcus_phage_Team1	295
Roseobacter_denitrificans_OCh_114	Vibrio_phage_phi_3	280
Serratia_marcescens_strain_B3R3	Escherichia_phage_P13374	123.2
Serratia_marcescens_strain_B3R3	Pseudomonas_phage_phi2	122.8
Shewanella_putrefaciens_CN-32	Bacillus_phage_AR9	130.9
Shewanella_putrefaciens_CN-32	Bacillus_phage_JBP901	234.7
Shewanella_putrefaciens_CN-32	Erwinia_phage_phiEa2809	100.1
Shewanella_putrefaciens_CN-32	Lactococcus_phage_phiL47	127
Shewanella_putrefaciens_CN-32	Nitrincola_phage_1M3_16	115.5
Shewanella_putrefaciens_CN-32	Pectobacterium_phage_phiTE	205.6
Shewanella_putrefaciens_CN-32	Staphylococcus_phage_Team1	247.2
Shewanella_putrefaciens_CN-32	Vibrio_phage_ValKK3	211
Shewanella_putrefaciens_CN-32	Xanthomonas_phage_Xp15	107.8
Sinorhizobium_sp__RAC02	Burkholderia_phage_KS5	150.9
Sinorhizobium_sp__RAC02	Cyanophage_P_TIM40	222.7
Sinorhizobium_sp__RAC02	Salmonella_phage_118970_sal2	241.9
Sinorhizobium_sp__RAC02	Salmonella_phage_SJ46	243.4
Spiroplasma_citri_strain_R8-A2	Bacillus_phage_AR9	264.103703703704
Spiroplasma_citri_strain_R8-A2	Bacillus_phage_CP_51	242.366666666667
Spiroplasma_citri_strain_R8-A2	Bacillus_phage_JBP901	231.394029850746
Spiroplasma_citri_strain_R8-A2	Bacillus_phage_phIS3501	254.525
Spiroplasma_citri_strain_R8-A2	Bacillus_phage_Slash	211.1
Spiroplasma_citri_strain_R8-A2	Bacillus_phage_Spock	203.8
Spiroplasma_citri_strain_R8-A2	Bacteriophage_APSE_2	121.3
Spiroplasma_citri_strain_R8-A2	Campylobacter_phage_PC14	192.90612244898
Spiroplasma_citri_strain_R8-A2	Caulobacter_phage_Cr30	226.511428571429
Spiroplasma_citri_strain_R8-A2	Cellulophaga_phage_phi12_1	212.6
Spiroplasma_citri_strain_R8-A2	Cellulophaga_phage_phi13_2	186
Spiroplasma_citri_strain_R8-A2	Cellulophaga_phage_phi17_2	212.95
Spiroplasma_citri_strain_R8-A2	Citrobacter_phage_SH2	206.1
Spiroplasma_citri_strain_R8-A2	Clostridium_phage_phiCTC2A	578.6
Spiroplasma_citri_strain_R8-A2	Croceibacter_phage_P2559Y	152.5
Spiroplasma_citri_strain_R8-A2	Cyanophage_P_TIM40	205.5
Spiroplasma_citri_strain_R8-A2	Cyanophage_PSS2	227.25
Spiroplasma_citri_strain_R8-A2	Cyanophage_S_TIM5	299.583333333333
Spiroplasma_citri_strain_R8-A2	Enterobacteria_phage_GEC_3S_complete_genome_1	358.45
Spiroplasma_citri_strain_R8-A2	Enterobacteria_phage_GEC_3S_complete_genome_25	205.146666666667
Spiroplasma_citri_strain_R8-A2	Enterobacteria_phage_GEC_3S_complete_genome_30	447.25
Spiroplasma_citri_strain_R8-A2	Enterobacteria_phage_GEC_3S_complete_genome_97	203.4
Spiroplasma_citri_strain_R8-A2	Enterobacteria_phage_JenK1	319
Spiroplasma_citri_strain_R8-A2	Erwinia_amylovora_phage_Era103	188.6
Spiroplasma_citri_strain_R8-A2	Erwinia_phage_phiEa2809	231.436363636364
Spiroplasma_citri_strain_R8-A2	Escherichia_phage_EC6	210
Spiroplasma_citri_strain_R8-A2	Escherichia_phage_ECML_117	267.34
Spiroplasma_citri_strain_R8-A2	Escherichia_phage_HY03	204.9
Spiroplasma_citri_strain_R8-A2	Escherichia_phage_KBNP1711	205.066666666667
Spiroplasma_citri_strain_R8-A2	Escherichia_phage_MX01	211.45
Spiroplasma_citri_strain_R8-A2	Escherichia_phage_vB_EcoM_JS09	268.775
Spiroplasma_citri_strain_R8-A2	Escherichia_phage_vB_EcoM_VpaE1	187.066666666667
Spiroplasma_citri_strain_R8-A2	Escherichia_phage_vB_EcoS_FFH1	222.388235294118
Spiroplasma_citri_strain_R8-A2	Flavobacterium_phage_Fpv1	201.8
Spiroplasma_citri_strain_R8-A2	Flavobacterium_phage_Fpv11	142.9
Spiroplasma_citri_strain_R8-A2	Geobacillus_phage_GBSV1	237.6
Spiroplasma_citri_strain_R8-A2	Gordonia_phage_GRU1	268.014285714286
Spiroplasma_citri_strain_R8-A2	Klebsiella_phage_JD001	243.1
Spiroplasma_citri_strain_R8-A2	Lactobacillus_phage_Ldl1	275
Spiroplasma_citri_strain_R8-A2	Lactobacillus_phage_phiLdb	227.471428571429
Spiroplasma_citri_strain_R8-A2	Lactobacillus_phage_phiPYB5	163.75
Spiroplasma_citri_strain_R8-A2	Lactococcus_phage_949	216.9
Spiroplasma_citri_strain_R8-A2	Lactococcus_phage_phiL47	237.946666666667
Spiroplasma_citri_strain_R8-A2	Mycobacterium_phage_Adler	280.4
Spiroplasma_citri_strain_R8-A2	Nitrincola_phage_1M3_16	265.18
Spiroplasma_citri_strain_R8-A2	Oenococcus_phage_phiS13	95.2
Spiroplasma_citri_strain_R8-A2	Pectobacterium_phage_phiTE	292.088235294118
Spiroplasma_citri_strain_R8-A2	Pelagibacter_phage_HTVC008M	218
Spiroplasma_citri_strain_R8-A2	Planktothrix_phage_PaV_LD	309.7
Spiroplasma_citri_strain_R8-A2	Prochlorococcus_phage_P_TIM68	214.1
Spiroplasma_citri_strain_R8-A2	Proteus_phage_PM_75	315.5
Spiroplasma_citri_strain_R8-A2	Pseudomonas_phage_JBD44	181.14
Spiroplasma_citri_strain_R8-A2	Pseudomonas_phage_MP1412	365.875
Spiroplasma_citri_strain_R8-A2	Pseudomonas_phage_PaBG	158.3
Spiroplasma_citri_strain_R8-A2	Pseudomonas_phage_PAE1	338.6
Spiroplasma_citri_strain_R8-A2	Pseudomonas_phage_PaP1	195
Spiroplasma_citri_strain_R8-A2	Pseudomonas_phage_phi3	342.5
Spiroplasma_citri_strain_R8-A2	Pseudomonas_phage_PhiPA3	227.3
Spiroplasma_citri_strain_R8-A2	Rhizobium_phage_RHEph10	208.8
Spiroplasma_citri_strain_R8-A2	Rhizobium_phage_vB_RleM_P10VF	208.8
Spiroplasma_citri_strain_R8-A2	Roseobacter_phage_RDJL_Phi_1	229.55
Spiroplasma_citri_strain_R8-A2	Salmonella_phage_118970_sal2	292.15
Spiroplasma_citri_strain_R8-A2	Salmonella_phage_64795_sal3	177.677272727273
Spiroplasma_citri_strain_R8-A2	Salmonella_phage_SFP10	200.12
Spiroplasma_citri_strain_R8-A2	Salmonella_phage_ST160	284.159090909091
Spiroplasma_citri_strain_R8-A2	Staphylococcus_phage_P108	215
Spiroplasma_citri_strain_R8-A2	Staphylococcus_phage_Team1	284.685
Spiroplasma_citri_strain_R8-A2	Streptococcus_phage_phiARI0746	178.3
Spiroplasma_citri_strain_R8-A2	Streptococcus_phage_phiARI0923	156.8
Spiroplasma_citri_strain_R8-A2	Synechococcus_phage_S_CRM01	194.247619047619
Spiroplasma_citri_strain_R8-A2	Synechococcus_phage_S_PM2	204.1
Spiroplasma_citri_strain_R8-A2	Synechococcus_phage_syn9	165.8
Spiroplasma_citri_strain_R8-A2	Thermus_phage_TMA	266.5
Spiroplasma_citri_strain_R8-A2	Tsukamurella_phage_TIN2	235.44
Spiroplasma_citri_strain_R8-A2	Vibrio_phage_phi_3	226.777777777778
Spiroplasma_citri_strain_R8-A2	Vibrio_phage_ValKK3	339.7
Spiroplasma_citri_strain_R8-A2	Xanthomonas_phage_Xp15	236.5
Spiroplasma_citri_strain_R8-A2	Yersinia_phage_phiYeO3_12	265
Staphylococcus_aureus_strain_MSSA476	Bacillus_phage_Spock	148.7
Staphylococcus_aureus_strain_MSSA476	Synechococcus_phage_S_CRM01	269.7
Staphylococcus_aureus_strain_MSSA476	Yersinia_phage_phiYeO3_12	249.55
Staphylococcus_epidermidis_RP62A	Bacillus_phage_AR9	323.35
Staphylococcus_epidermidis_RP62A	Bacillus_phage_JBP901	422.6
Staphylococcus_epidermidis_RP62A	Bacteriophage_APSE_2	226.5
Staphylococcus_epidermidis_RP62A	Cellulophaga_phage_phi13_2	110.6
Staphylococcus_epidermidis_RP62A	Cyanophage_PSS2	224.6
Staphylococcus_epidermidis_RP62A	Flavobacterium_phage_Fpv11	302.8
Staphylococcus_epidermidis_RP62A	Gordonia_phage_GRU1	223
Staphylococcus_epidermidis_RP62A	Pseudomonas_phage_YMC11_06_C171_PPU_BP	226.1
Staphylococcus_epidermidis_RP62A	Staphylococcus_phage_Team1	240.7
Staphylococcus_haemolyticus_JCSC1435_DNA	Planktothrix_phage_PaV_LD	164.8
Staphylococcus_saprophyticus_subsp__saprophyticus_ATCC_15305_DNA	Gordonia_phage_GRU1	145.6
Staphylococcus_xylosus_strain_HKUOPL8	Bacillus_phage_JBP901	123.2
Staphylococcus_xylosus_strain_HKUOPL8	Citrobacter_phage_SH2	124
Staphylococcus_xylosus_strain_HKUOPL8	Erwinia_phage_phiEa2809	122.1
Staphylococcus_xylosus_strain_HKUOPL8	Escherichia_phage_vB_EcoM_JS09	122.5
Staphylococcus_xylosus_strain_HKUOPL8	Lactococcus_phage_phiL47	149
Staphylococcus_xylosus_strain_HKUOPL8	Pseudomonas_phage_MP1412	140.2
Staphylococcus_xylosus_strain_HKUOPL8	Pseudomonas_phage_PAE1	137.1
Staphylococcus_xylosus_strain_HKUOPL8	Salmonella_phage_118970_sal2	149
Staphylococcus_xylosus_strain_HKUOPL8	Synechococcus_phage_syn9	145.6
Staphylococcus_xylosus_strain_HKUOPL8	Vibrio_phage_phi_3	165.6
Staphylococcus_xylosus_strain_HKUOPL8	Yersinia_phage_phiYeO3_12	199.1
Streptococcus_dysgalactiae_subsp__equisimilis_GGS_124_DNA	Bacillus_phage_JBP901	120.1
Streptococcus_dysgalactiae_subsp__equisimilis_GGS_124_DNA	Gordonia_phage_GRU1	135.9
Streptococcus_dysgalactiae_subsp__equisimilis_GGS_124_DNA	Lactococcus_phage_phiL47	145.9
Streptococcus_dysgalactiae_subsp__equisimilis_GGS_124_DNA	Pseudomonas_phage_PAE1	134
Streptococcus_gordonii_str__Challis_substr__CH1	Vibrio_phage_ValKK3	209.9
Streptococcus_gordonii_str__Challis_substr__CH1	Xanthomonas_phage_Xp15	106.7
Streptococcus_parauberis_KCTC_11537	Bacillus_phage_AR9	504.2
Streptococcus_parauberis_KCTC_11537	Bacillus_phage_JBP901	397.733333333333
Streptococcus_parauberis_KCTC_11537	Bacillus_phage_Pony	124.88
Streptococcus_parauberis_KCTC_11537	Campylobacter_phage_PC14	483
Streptococcus_parauberis_KCTC_11537	Caulobacter_phage_Cr30	102.1
Streptococcus_parauberis_KCTC_11537	Cellulophaga_phage_phi17_2	161.3
Streptococcus_parauberis_KCTC_11537	Clostridium_phage_phiCTC2A	513.5
Streptococcus_parauberis_KCTC_11537	Enterobacteria_phage_phi92	128.7
Streptococcus_parauberis_KCTC_11537	Enterobacteria_phage_Sf101	211.4
Streptococcus_parauberis_KCTC_11537	Escherichia_phage_ECML_117	131
Streptococcus_parauberis_KCTC_11537	Escherichia_phage_vB_EcoM_JS09	131.7
Streptococcus_parauberis_KCTC_11537	Lactobacillus_phage_Ldl1	202.5
Streptococcus_parauberis_KCTC_11537	Lactobacillus_phage_phiPYB5	143.6
Streptococcus_parauberis_KCTC_11537	Lactococcus_phage_phiL47	234.825
Streptococcus_parauberis_KCTC_11537	Nitrincola_phage_1M3_16	119
Streptococcus_parauberis_KCTC_11537	Rhizobium_phage_vB_RleM_PPF1	185.2
Streptococcus_parauberis_KCTC_11537	Roseobacter_phage_RDJL_Phi_1	124.75
Streptococcus_parauberis_KCTC_11537	Salmonella_phage_ST160	160.6
Streptococcus_parauberis_KCTC_11537	Staphylococcus_phage_MCE_2014	211.8
Streptococcus_parauberis_KCTC_11537	Staphylococcus_phage_Team1	167.9
Streptococcus_parauberis_KCTC_11537	Streptococcus_phage_phiARI0031	186.7
Streptococcus_parauberis_KCTC_11537	Streptococcus_phage_phiARI0746	197.95
Streptococcus_parauberis_KCTC_11537	Synechococcus_phage_S_CRM01	124.4
Streptococcus_parauberis_KCTC_11537	Vibrio_phage_PVA1	111
Streptococcus_parauberis_KCTC_11537	Vibrio_phage_ValKK3	216.8
Streptococcus_parauberis_KCTC_11537	Xanthomonas_phage_Xp15	113.6
Streptococcus_parauberis_KCTC_11537	Yersinia_phage_phiYeO3_12	140.2
Streptococcus_salivarius_strain_FDAARGOS_259	Bacillus_phage_AR9	111.7
Streptococcus_salivarius_strain_FDAARGOS_259	Bacillus_phage_JBP901	187.2
Streptococcus_salivarius_strain_FDAARGOS_259	Citrobacter_phage_SH2	112.1
Streptococcus_salivarius_strain_FDAARGOS_259	Escherichia_phage_pro147	112.5
Streptococcus_salivarius_strain_FDAARGOS_259	Escherichia_phage_vB_EcoM_JS09	201.9
Streptococcus_salivarius_strain_FDAARGOS_259	Pseudomonas_phage_phi3	248.5
Streptococcus_salivarius_strain_FDAARGOS_259	Synechococcus_phage_S_CRM01	123.7
Streptococcus_salivarius_strain_FDAARGOS_259	Yersinia_phage_phiYeO3_12	111.3
Streptococcus_sp__FDAARGOS_192	Bacillus_phage_AR9	162.1
Streptococcus_sp__FDAARGOS_192	Escherichia_phage_ECML_117	148.7
Streptococcus_sp__FDAARGOS_192	Gordonia_phage_GRU1	148.2
Streptococcus_sp__FDAARGOS_192	Staphylococcus_phage_Team1	189.8
Streptococcus_suis_GZ1	Bacillus_phage_AR9	117.85
Streptococcus_suis_GZ1	Bacillus_phage_JBP901	102.8
Streptococcus_suis_GZ1	Campylobacter_phage_PC14	101.6
Streptococcus_suis_GZ1	Citrobacter_phage_SH2	103.6
Streptococcus_suis_GZ1	Cyanophage_PSS2	120.2
Streptococcus_suis_GZ1	Enterobacteria_phage_GEC_3S_complete_genome_1	209.1
Streptococcus_suis_GZ1	Enterobacteria_phage_GEC_3S_complete_genome_30	333.2
Streptococcus_suis_GZ1	Erwinia_amylovora_phage_Era103	138.3
Streptococcus_suis_GZ1	Escherichia_phage_MX01	104.8
Streptococcus_suis_GZ1	Escherichia_phage_vB_EcoM_JS09	323.5
Streptococcus_suis_GZ1	Gordonia_phage_GRU1	118.6
Streptococcus_suis_GZ1	Lactobacillus_phage_PLE2	148.3
Streptococcus_suis_GZ1	Lactococcus_phage_phiL47	128.6
Streptococcus_suis_GZ1	Nitrincola_phage_1M3_16	117.1
Streptococcus_suis_GZ1	Pseudomonas_phage_PAE1	116.7
Streptococcus_suis_GZ1	Pseudomonas_phage_YMC11_06_C171_PPU_BP	121.7
Streptococcus_suis_GZ1	Rhizobium_phage_RHEph10	106.3
Streptococcus_suis_GZ1	Staphylococcus_phage_Team1	160.2
Streptococcus_suis_GZ1	Thermus_phage_TMA	140.6
Streptococcus_suis_GZ1	Tsukamurella_phage_TIN2	156.4
Streptococcus_suis_GZ1	Vibrio_phage_phi_3	145.2
Streptococcus_thermophilus_strain_APC151	Cellulophaga_phage_phi12_1	189.1
Streptococcus_thermophilus_strain_APC151	Staphylococcus_phage_Team1	237.6
Streptomyces_avermitilis_MA-4680_=_NBRC_14893_DNA	Bacillus_phage_AR9	211.25
Streptomyces_avermitilis_MA-4680_=_NBRC_14893_DNA	Staphylococcus_phage_Team1	183.7
Streptomyces_coelicolor_A3(2)	Proteus_phage_PM_75	179.1
Streptomyces_venezuelae_strain_ATCC_15439	Bacillus_phage_AR9	668.333333333333
Streptomyces_venezuelae_strain_ATCC_15439	Bacillus_phage_JBP901	709
Streptomyces_venezuelae_strain_ATCC_15439	Bacillus_phage_Pony	132
Streptomyces_venezuelae_strain_ATCC_15439	Caulobacter_phage_Cr30	321.4
Streptomyces_venezuelae_strain_ATCC_15439	Citrobacter_phage_SH2	112.8
Streptomyces_venezuelae_strain_ATCC_15439	Enterobacteria_phage_GEC_3S_complete_genome_1	327.3
Streptomyces_venezuelae_strain_ATCC_15439	Erwinia_phage_phiEa2809	219.9
Streptomyces_venezuelae_strain_ATCC_15439	Escherichia_phage_KBNP1711	144.1
Streptomyces_venezuelae_strain_ATCC_15439	Escherichia_phage_MX01	340.8
Streptomyces_venezuelae_strain_ATCC_15439	Escherichia_phage_vB_EcoS_FFH1	249.9
Streptomyces_venezuelae_strain_ATCC_15439	Gordonia_phage_GRU1	346.6
Streptomyces_venezuelae_strain_ATCC_15439	Lactobacillus_phage_Ldl1	312.7
Streptomyces_venezuelae_strain_ATCC_15439	Lactococcus_phage_phiL47	276.366666666667
Streptomyces_venezuelae_strain_ATCC_15439	Planktothrix_phage_PaV_LD	265.7
Streptomyces_venezuelae_strain_ATCC_15439	Salmonella_phage_118970_sal2	270.8
Streptomyces_venezuelae_strain_ATCC_15439	Salmonella_phage_SJ46	416.8
Streptomyces_venezuelae_strain_ATCC_15439	Salmonella_phage_ST160	288.25
Streptomyces_venezuelae_strain_ATCC_15439	Staphylococcus_phage_Team1	220.85
Streptomyces_venezuelae_strain_ATCC_15439	Synechococcus_phage_S_CBS3	899.8
Streptomyces_venezuelae_strain_ATCC_15439	Synechococcus_phage_S_PM2	221.4
Streptomyces_venezuelae_strain_ATCC_15439	Vibrio_phage_phi_3	251.85
Streptomyces_venezuelae_strain_ATCC_15439	Vibrio_phage_VP93	173.3
Sulfitobacter_sp__AM1-D1	Cellulophaga_phage_phi13_2	135.1
Sulfitobacter_sp__AM1-D1	Cyanophage_S_TIM5	265.7
Sulfitobacter_sp__AM1-D1	Staphylococcus_phage_Team1	217.6
Sulfitobacter_sp__AM1-D1	Yersinia_phage_phiYeO3_12	100.9
Synechococcus_sp__PCC_7502	Bacillus_phage_JBP901	419.1
Synechococcus_sp__PCC_7502	Clostridium_phage_c_st	162.9
Synechococcus_sp__PCC_7502	Enterobacteria_phage_GEC_3S_complete_genome_30	523.1
Synechococcus_sp__PCC_7502	Gordonia_phage_GRU1	151.3
Synechococcus_sp__PCC_7502	Rhizobium_phage_RHEph10	296.2
Synechococcus_sp__PCC_7502	Salmonella_phage_SFP10	291.2
Synechococcus_sp__PCC_7502	Staphylococcus_phage_Team1	350.1
Synechococcus_sp__PCC_7502	Synechococcus_phage_S_CRM01	581.7
Synechococcus_sp__PCC_7502	Synechococcus_phage_syn9	265.7
Thermus_thermophilus_HB27	Vibrio_phage_ValKK3	232.6
Thermus_thermophilus_HB27	Xanthomonas_phage_Xp15	129.4
Vibrio_anguillarum_strain_MVAV6203	Bacillus_phage_AR9	105.9
Vibrio_anguillarum_strain_MVAV6203	Bacillus_phage_JBP901	105.5
Vibrio_anguillarum_strain_MVAV6203	Staphylococcus_phage_Team1	162.9
Vibrio_anguillarum_strain_MVAV6203	Yersinia_phage_phiYeO3_12	105.5
Vibrio_cholerae_strain_10432-62	Bacteriophage_APSE_2	122.5
Vibrio_cholerae_strain_10432-62	Geobacillus_phage_GBK2	273.5
Vibrio_cholerae_strain_10432-62	Lactococcus_phage_phiL47	162.9
Vibrio_vulnificus_YJ016_plasmid_pYJ016_DNA	Enterobacteria_phage_GEC_3S_complete_genome_86	126.3
Vibrio_vulnificus_YJ016_plasmid_pYJ016_DNA	Mycobacterium_phage_Adler	152.75
Vibrio_vulnificus_YJ016_plasmid_pYJ016_DNA	Salmonella_phage_SJ46	151
Weissella_cibaria_strain_CH2	Bacillus_phage_JBP901	240.8125
Weissella_cibaria_strain_CH2	Bacillus_phage_phIS3501	294.15
Weissella_cibaria_strain_CH2	Bacillus_phage_Shbh1	281.6
Weissella_cibaria_strain_CH2	Campylobacter_phage_PC14	222.083333333333
Weissella_cibaria_strain_CH2	Caulobacter_phage_Cr30	244.2
Weissella_cibaria_strain_CH2	Enterobacteria_phage_GEC_3S_complete_genome_25	222.85
Weissella_cibaria_strain_CH2	Escherichia_phage_MX01	244.2
Weissella_cibaria_strain_CH2	Escherichia_phage_vB_EcoM_JS09	532.3
Weissella_cibaria_strain_CH2	Escherichia_phage_vB_EcoS_FFH1	250.95
Weissella_cibaria_strain_CH2	Lactobacillus_phage_phiLdb	255.95
Weissella_cibaria_strain_CH2	Lactococcus_phage_phiL47	220.95
Weissella_cibaria_strain_CH2	Pectobacterium_phage_phiTE	332.933333333333
Weissella_cibaria_strain_CH2	Pseudomonas_phage_PaP1	221.65
Weissella_cibaria_strain_CH2	Salmonella_phage_64795_sal3	221.3
Weissella_cibaria_strain_CH2	Salmonella_phage_SFP10	220.55
Weissella_cibaria_strain_CH2	Salmonella_phage_ST160	333.05
Weissella_cibaria_strain_CH2	Synechococcus_phage_S_CBS3	244.6
Weissella_cibaria_strain_CH2	Synechococcus_phage_S_CRM01	222.45
Weissella_cibaria_strain_CH2	Vibrio_phage_phi_3	252.9
Weissella_cibaria_strain_CH2	Vibrio_phage_VSK	151.4
Xanthomonas_campestris_pv__campestris_str__ATCC_33913	Bacillus_phage_AR9	232.866666666667
Xanthomonas_campestris_pv__campestris_str__ATCC_33913	Bacillus_phage_JBP901	329.6
Xanthomonas_campestris_pv__campestris_str__ATCC_33913	Bacillus_phage_Slash	209.5
Xanthomonas_campestris_pv__campestris_str__ATCC_33913	Bacteriophage_APSE_2	133.1
Xanthomonas_campestris_pv__campestris_str__ATCC_33913	Citrobacter_phage_SH2	273.966666666667
Xanthomonas_campestris_pv__campestris_str__ATCC_33913	Cronobacter_phage_phiES15	303.1
Xanthomonas_campestris_pv__campestris_str__ATCC_33913	Enterobacteria_phage_GEC_3S_complete_genome_1	301
Xanthomonas_campestris_pv__campestris_str__ATCC_33913	Enterobacteria_phage_GEC_3S_complete_genome_97	204.7
Xanthomonas_campestris_pv__campestris_str__ATCC_33913	Escherichia_phage_ECML_117	128.3
Xanthomonas_campestris_pv__campestris_str__ATCC_33913	Escherichia_phage_MX01	118.7
Xanthomonas_campestris_pv__campestris_str__ATCC_33913	Escherichia_phage_vB_EcoM_JS09	201.5
Xanthomonas_campestris_pv__campestris_str__ATCC_33913	Escherichia_phage_vB_EcoM_VpaE1	122.9
Xanthomonas_campestris_pv__campestris_str__ATCC_33913	Flavobacterium_phage_Fpv1	114.8
Xanthomonas_campestris_pv__campestris_str__ATCC_33913	Gordonia_phage_GRU1	219.225
Xanthomonas_campestris_pv__campestris_str__ATCC_33913	Lactococcus_phage_phiL47	258
Xanthomonas_campestris_pv__campestris_str__ATCC_33913	Nitrincola_phage_1M3_16	220.9
Xanthomonas_campestris_pv__campestris_str__ATCC_33913	Planktothrix_phage_PaV_LD	248.4
Xanthomonas_campestris_pv__campestris_str__ATCC_33913	Pseudomonas_phage_MP1412	404.1
Xanthomonas_campestris_pv__campestris_str__ATCC_33913	Pseudomonas_phage_YMC11_06_C171_PPU_BP	135.6
Xanthomonas_campestris_pv__campestris_str__ATCC_33913	Salmonella_phage_118970_sal2	310
Xanthomonas_campestris_pv__campestris_str__ATCC_33913	Staphylococcus_phage_SPbeta_like	299.3
Xanthomonas_campestris_pv__campestris_str__ATCC_33913	Staphylococcus_phage_Team1	235.2
Xanthomonas_campestris_pv__campestris_str__ATCC_33913	Synechococcus_phage_S_CRM01	210.9
Xanthomonas_campestris_pv__campestris_str__ATCC_33913	Synechococcus_phage_syn9	318.9
Xanthomonas_campestris_pv__campestris_str__ATCC_33913	Yersinia_phage_phiYeO3_12	203.7
Xanthomonas_citri_subsp__citri_A306	Bacillus_phage_AR9	100.85
Xanthomonas_citri_subsp__citri_A306	Bacillus_phage_JBP901	191.4
Xanthomonas_citri_subsp__citri_A306	Lactobacillus_phage_PLE2	147.1
Xanthomonas_citri_subsp__citri_A306	Planktothrix_phage_PaV_LD	146.3
Xanthomonas_citri_subsp__citri_A306	Pseudomonas_phage_phi3	238.8
Xanthomonas_citri_subsp__citri_A306	Staphylococcus_phage_Team1	159
Xanthomonas_vesicatoria_ATCC_35937_strain_LMG911	Bacillus_phage_AR9	131.7
Xanthomonas_vesicatoria_ATCC_35937_strain_LMG911	Bacillus_phage_Slash	137.1
Xanthomonas_vesicatoria_ATCC_35937_strain_LMG911	Citrobacter_phage_SH2	148.7
Xanthomonas_vesicatoria_ATCC_35937_strain_LMG911	Enterobacteria_phage_GEC_3S_complete_genome_97	129.4
Xanthomonas_vesicatoria_ATCC_35937_strain_LMG911	Staphylococcus_phage_CNPx	129.1
Xanthomonas_vesicatoria_ATCC_35937_strain_LMG911	Staphylococcus_phage_Team1	188.7
Xanthomonas_vesicatoria_ATCC_35937_strain_LMG911	Synechococcus_phage_S_CRM01	163
Yersinia_pestis_Antiqua	Gordonia_phage_GRU1	196.4
Yersinia_pestis_Antiqua	Staphylococcus_phage_Team1	238
