k101_2946	Circular
k101_16250	Circular
k101_63757	Circular
k101_185880	Circular
k101_186051	Circular
k101_75939	Circular
k101_11817	Circular
k101_8023	Circular
k101_83924	Circular
k101_75823	Circular
k101_11853	Circular
k101_1460	Circular
k101_50891	Circular
k101_68111	Circular
k101_77342	Circular
k101_148421	Circular
k101_173058	Circular
k101_21572	Circular
k101_121409	Circular
k101_157292	Circular
k101_53405	Circular
k101_86343	Circular
k101_135808	Circular
k101_150715	Circular
k101_1785	Circular
k101_13206	Circular
k101_44604	Circular
k101_27106	Circular
k101_19356	Circular
k101_24320	Circular
k101_4643	Circular
k101_38038	Circular
k101_7442	Circular
k101_47318	Circular
k101_21081	Circular
k101_45655	Circular
k101_13993	Circular
k101_29999	Circular
k101_53753	Circular
k101_132932	Circular
k101_245433	Circular
k101_132457	Circular
k101_184698	Circular
k101_42126	Circular
k101_83320	Circular
k101_6470	Circular
k101_106771	Circular
k101_131528	Circular
k101_43742	Circular
k101_399956	Circular
k101_314784	Circular
k101_145852	Circular
k101_153582	Circular
k101_9614	Circular
k101_125830	Circular
k101_21477	Circular
k101_96572	Circular
k101_13967	Circular
k101_56849	Circular
k101_36989	Circular
k101_32359	Circular
k101_201632	Circular
k101_20386	Circular
k101_116772	Circular
k101_47332	Circular
k101_80919	Circular
k101_157220	Circular
k101_78802	Circular
k101_140080	Circular
k101_190810	Circular
k101_257653	Circular
k101_257686	Circular
k101_28708	Circular
k101_283487	Circular
k101_178701	Circular
k101_4455	Circular
k101_9952	Circular
k101_10395	Circular
k101_37076	Circular
k101_47346	Circular
k101_212985	Circular
k101_255435	Circular
k101_136923	Circular
k101_44963	Circular
k101_207045	Circular
k101_215818	Circular
k101_260471	Circular
k101_269244	Circular
k101_13677	Circular
k101_44348	Circular
k101_21371	Circular
k101_9706	Circular
k101_149473	Circular
k101_152912	Circular
k101_7135	Circular
k101_34894	Circular
k101_39861	Circular
k101_42278	Circular
k101_261221	Circular
k101_7873	Circular
k101_128712	Circular
k101_355710	Circular
k101_53238	Circular
k101_197455	Circular
k101_273970	Circular
k101_191643	Circular
k101_245696	Circular
k101_34960	Circular
k101_121376	Circular
k101_240774	Circular
k101_286913	Circular
k101_11735	Circular
k101_257326	Circular
k101_166081	Circular
k101_59063	Circular
k101_64281	Circular
k101_23889	Circular
k101_66655	Circular
k101_232713	Circular
k101_63853	Circular
k101_94722	Circular
k101_37692	Circular
k101_38483	Circular
k101_38894	Circular
k101_39032	Circular
k101_4905	Circular
k101_124067	Circular
k101_131069	Circular
k101_45077	Circular
k101_40791	Circular
k101_104182	Circular
k101_187162	Circular
k101_187347	Circular
k101_39185	Circular
k101_70921	Circular
k101_26855	Circular
k101_155266	Circular
k101_155331	Circular
k101_72310	Circular
k101_55522	Circular
k101_72806	Circular
k101_129188	Circular
k101_34731	Circular
k101_43089	Circular
k101_70670	Circular
k101_90546	Circular
k101_110321	Circular
k101_187491	Circular
k101_193048	Circular
k101_193165	Circular
k101_193387	Circular
k101_194058	Circular
k101_194642	Circular
k101_71809	Circular
k101_219261	Circular
k101_40639	Circular
k101_125606	Circular
k101_129445	Circular
k101_143114	Circular
k101_180697	Circular
k101_269851	Circular
k101_308662	Circular
k101_308939	Circular
k101_310142	Circular
k101_310346	Circular
k101_310688	Circular
k101_310882	Circular
k101_311380	Circular
k101_311618	Circular
k101_312618	Circular
k101_327052	Circular
k101_43708	Circular
k101_45971	Circular
k101_56033	Circular
k101_105132	Circular
k101_108554	Circular
k101_143086	Circular
k101_219550	Circular
k101_301350	Circular
k101_301479	Circular
k101_301779	Circular
k101_302027	Circular
k101_302117	Circular
k101_302258	Circular
k101_16335	Circular
k101_18583	Circular
k101_49951	Circular
k101_58853	Circular
k101_62186	Circular
k101_88863	Circular
k101_111862	Circular
k101_119182	Circular
k101_173147	Circular
k101_209169	Circular
k101_243192	Circular
k101_251100	Circular
k101_270026	Circular
k101_270480	Circular
k101_270984	Circular
k101_271158	Circular
k101_21469	Circular
k101_25150	Circular
k101_88813	Circular
k101_98733	Circular
k101_166665	Circular
k101_174529	Circular
k101_183583	Circular
k101_249720	Circular
k101_249789	Circular
k101_249867	Circular
k101_251105	Circular
k101_24840	Circular
k101_46482	Circular
k101_52723	Circular
k101_54345	Circular
k101_54967	Circular
k101_66541	Circular
k101_81449	Circular
k101_149777	Circular
k101_259223	Circular
k101_260158	Circular
k101_260922	Circular
k101_261244	Circular
k101_261717	Circular
k101_275540	Circular
k101_43886	Circular
k101_71655	Circular
k101_169751	Circular
k101_169880	Circular
k101_170011	Circular
k101_170428	Circular
k101_170700	Circular
k101_182835	Circular
k101_178443	Circular
k101_74098	Circular
k101_138017	Circular
k101_120858	Circular
k101_133244	Circular
k101_147948	Circular
k101_118880	Circular
k101_1787	Circular
k101_50960	Circular
k101_8500	Circular
k101_8898	Circular
k101_12761	Circular
k101_62936	Circular
k101_92086	Circular
k101_101219	Circular
k101_106213	Circular
k101_120788	Circular
k101_121317	Circular
k101_121342	Circular
k101_121410	Circular
k101_693	Circular
k101_14251	Circular
k101_16459	Circular
k101_32874	Circular
k101_50827	Circular
k101_60557	Circular
k101_120020	Circular
k101_130730	Circular
k101_138253	Circular
k101_65334	Circular
k101_89441	Circular
k101_71474	Circular
k101_2206	Circular
k101_110529	Circular
k101_83671	Circular
k101_112162	Circular
k101_24413	Circular
k101_38079	Circular
k101_39155	Circular
k101_54422	Circular
k101_111672	Circular
k101_127466	Circular
k101_127578	Circular
k101_127812	Circular
k101_5683	Circular
k101_27274	Circular
k101_54664	Circular
k101_59235	Circular
k101_84632	Circular
k101_19531	Circular
k101_79018	Circular
k101_53225	Circular
k101_68631	Circular
k101_84612	Circular
k101_85933	Circular
k101_145901	Circular
